name,email,address
Journey Physio at the VRC,dave@journeyphysio.ca,"4867 Ontario St, Vancouver, BC V5V 3H4, Canada"
Burrard Physiotherapy,info@burrardphysiotherapy.com,"1190 Hornby St #702, Vancouver, BC V6Z 2K5, Canada"
Port Coquitlam Physiotherapy & Sports Injury Clinic,user@domain.com,"2185 Wilson Ave, Port Coquitlam, BC V3C 6C1, Canada"
Lake Country Physiotherapy,info@lakecountryphysio.com,"7B Progress Dr, Orillia, ON L3V 0T7, Canada"
Ontario Manual Physio Centre,%20ontariomanualphysio@gmail.com,"400 Dundas St E #105, Mississauga, ON L5A 1X5, Canada"
Bentall Physiotherapy,info@bentallphysiotherapy.com,"Located at the Mall Level of Tower TWO of, Bentall Centre, 555 Burrard St, Vancouver, BC V7X 1M8, Canada"
Hartwell Therapy 2.0 Ontario Street - Ryan Jaw Vancouver Acupuncture Clinic,info@hartwelltherapy.com,"8205 Ontario St, Vancouver, BC V5X 0A1, Canada"
"Collingwood Physiotherapy Vancouver Physio, Massage",collingwoodphysio@shaw.ca,"3419 Kingsway, Vancouver, BC V5R 5L3, Canada"
Rebalance Rehab,605a7baede844d278b89dc95ae0a9123@sentry-next.wixpress.com,"45719 Ontario Ave, Chilliwack, BC V2P 6S8, Canada"
Anatomy Physiotherapy Clinic - Orleans,info.orleans@anatomyphysioclinic.com,"1615 Orléans Blvd, Orléans, ON K1C 7E2, Canada"
Park Lawn Physiotherapy,info@parklawnphysio.ca,"658 The Queensway A, Toronto, ON M8Y 1K7, Canada"
Sheddon Physiotherapy and Sports Clinic,admin@sheddonphysio.com,"1300 Cornwall Rd Unit 103, Oakville, ON L6J 7W5, Canada"
South Coast Physiotherapy,delhi@southcoastphysiotherapy.ca,"216 West St Suite 305, Simcoe, ON N3Y 1S8, Canada"
"Rosedale Wellness Centre - Massage, Chiropractic & Physiotherapy Toronto",icons@2x.png,"120 Bloor St E #105, Toronto, ON M4W 1B7, Canada"
Rebalance Sports Medicine Physiotherapy & Chiropractic Downtown Toronto,info@rebalancetoronto.com,"110 Yonge St #905, Toronto, ON M5C 1T4, Canada"
Rebalance Sports Medicine Physiotherapy & Chiropractic Downtown Toronto,info@rebalancetoronto.com,"155 University Ave Suite 303, Toronto, ON M5H 3B7, Canada"
Myo Markham,chinatown@myodetox.com,"8228 Birchmount Rd B, Markham, ON L3R 1A6, Canada"
Bay and College Physiotherapy & Rehab,605a7baede844d278b89dc95ae0a9123@sentry-next.wixpress.com,"790 Bay St. Unit no. 105, Toronto, ON M5G 1N8, Canada"
The Running Physio,info@therunningphysio.ca,"8 Gladstone Ave Unit 2, Toronto, ON M6J 3K6, Canada"
Foundation Physiotherapy & Wellness - Cityplace,cityplace@foundationphysio.com,"383 Front St W, Toronto, ON M5V 3S8, Canada"
St George Physiotherapy Clinic,info@stgeorgephysio.ca,"180 Bloor St W Suite 1202, Toronto, ON M5S 2V6, Canada"
Royal Physiotherapy Clinic,admin@royalphysiotherapy.com,"130 Adelaide St W Concourse Level, Toronto, ON M5H 3P5, Canada"
St.Clairwest Physiotherapy,info@stclairwestphysio.com,"1466 Bathurst St #306, Toronto, ON M5R 3S3, Canada"
Toronto Wellness & Physio Center,MOSTSDN@GMAIL.COM,"951 Wilson Ave unit 15, North York, ON M3K 2A7, Canada"
Triangle Physiotherapy Lawrence Park,info@trianglephysiotherapy.com,"2715 Yonge St, Toronto, ON M4N 2H8, Canada"
York-Med Physiotherapy & Wellness Centre,logo@2x.png,"250 Harding Blvd W, Richmond Hill, ON L4C 9M7, Canada"
Lifemark Physiotherapy Bay & Bloor,pob.admin@lifemark.ca,"1240 Bay St. #710, Toronto, ON M5R 2A7, Canada"
Physio Cottage Clinic,info@physiocottage.ca,"Unit 5, 2231 Victoria Park Ave unit #6, Scarborough, ON M1R 1V8, Canada"
Triangle Physiotherapy King West,info@trianglephysiotherapy.com,"980 King St W, Toronto, ON M6K 3N2, Canada"
Bayview Physiotherapy & Sports Medicine Clinic,torontoclinic.bayviewphysio@gmail.com,"20 Brentcliffe Rd #4, Toronto, ON M4G 0C6, Canada"
Cadence Physiotherapy,admin@cadencephysiotherapy.com,"1066 Kingston Rd, Scarborough, ON M1N 1P1, Canada"
Shawn Williams Physiotherapy,shawn@shawnwilliamspt.com,"81 Navy Wharf Ct Suite 3603, Toronto, ON M5V 3S2, Canada"
ALPHA Health Services Physiotherapy Toronto,info@alphahealthservices.ca,"40 Holly St #901, Toronto, ON M4S 3C3, Canada"
Lifemark Physiotherapy Bathurst & St. Clair,bathurst@lifemark.ca,"1500 Bathurst St Unit. 6, Toronto, ON M5P 3L3, Canada"
Body Motions Physiotherapy Clinic - Scarborough,bodymotionsphysiotherapyclinic@gmail.com,"2901 Markham Rd #10, Scarborough, ON M1X 0B7, Canada"
Foundation Physiotherapy & Wellness - Downtown Core,downtown@foundationphysio.com,"123 Edward St #100, Toronto, ON M5G 1E2, Canada"
Bloor Jane Physiotherapy & Active Rehabilitation,physio@bloorjanephysio.com,"2425 Bloor St W Suite 212, Toronto, ON M6S 4W4, Canada"
Eglinton Physiotherapy,info@eglintonphysiotherapy.com,"20 Eglinton Ave W Suite 1105, Toronto, ON M4R 1K8, Canada"
I AM Physiotherapy Clinic,info@iamphysioclinic.com,"1065 Davis Dr Unit 3, Newmarket, ON L3Y 2R9, Canada"
Foundation Physiotherapy & Wellness - Corktown,corktown@foundationphysio.com,"514 King St E, Toronto, ON M5A 1M1, Canada"
Physio On Queen,info@physioonqueen.com,"underground level, 1 Queen St E #7, Toronto, ON M5C 2W5, Canada"
Proactive Pelvic Health Centre - Pelvic Floor Physiotherapy,info@proactiveph.com,"235 Danforth Ave #405, Toronto, ON M4K 1N2, Canada"
Physio For Surgery,admin@physioforsurgery.ca,"254 Main Street Markham N, Markham, ON L3P 1Y7, Canada"
Physical Therapy One @ Maple Leaf Gardens,info@physicaltherapyone.com,"Inside Loblaws by the Pharmacy, 60 Carlton St., Toronto, ON M5B 1J2, Canada"
Triangle Physiotherapy Queens Quay,info@trianglephysiotherapy.com,"17 Lower Jarvis St Unit 10, Toronto, ON M5E 0C3, Canada"
"Body First Wellness Centre - Scarborough Massage, Physiotherapy & Chiropractor",info@bodyfirstwc.com,"4865 Sheppard Ave E Unit - 3 & 9, Scarborough, ON M1S 3V8, Canada"
MedRehab Group Physiotherapy - West Toronto,stclair@medrehabgroup.com,"1670 Dufferin St Suite B03, Toronto, ON M6H 3M2, Canada"
Lifemark Physiotherapy Leslie & Sheppard,northyork@lifemark.ca,"209-4800 Leslie St, North York, ON M2J 2K9, Canada"
Yorkville Sports Medicine Clinic,info@yorkvillesportsmed.com,"55 Avenue Rd Suite 2000A, Toronto, ON M5R 2G3, Canada"
Bloor Park Physiotherapy and Rehabilitation,contact@bloorparkphysiotherapy.ca,"726 Bloor St W Unit 209, Toronto, ON M6G 4A1, Canada"
Adelaide West Physiotherapy,info@adelaidewestphysiotherapy.com,"366 Adelaide St W #403, Toronto, ON M5V 1R9, Canada"
PhysioDNA Toronto (Spadina),clinic@physiodna.com,"116 Spadina Ave. Unit 201, Toronto, ON M5V 2K6, Canada"
Rebuild Physiotherapy - Downtown Toronto,Info@rebuildphysiotherapy.com,"88 Queens Quay W Suite 2500, Toronto, ON M5J 0B8, Canada"
Myo Yorkville,chinatown@myodetox.com,"55 Avenue Rd, Toronto, ON M5R 3L2, Canada"
Myo CityPlace,chinatown@myodetox.com,"22 Capreol Ct, Toronto, ON M5V 4A3, Canada"
The Physio Loft,info@thephysioloft.com,"675 King St W Unit 210, Toronto, ON M5V 1M9, Canada"
For Health's Sake,info@forhealthssake.ca,"465 Queen St W Floor 2nd, Toronto, ON M5V 2A9, Canada"
Lu Physiotherapy & Wellness,info@luphysiotherapy.com,"590 Bloor St W Upper floor, Toronto, ON M6G 1K4, Canada"
PinPoint- Infinity Health Downtown Toronto: Walk in/Medical Clinic & Rehab Centre,Info@infinityhealthcentre.com,"39 Lower Simcoe St, Toronto, ON M5J 3A6, Canada"
Art of Mobility Physiotherapy Toronto - Trinity Bellwoods,toronto@artofmobility.com,"822 Richmond St W Unit 200, Toronto, ON M6J 1C9, Canada"
Your Form Sux,yourformsux@gmail.com,"11 Capreol Ct, Toronto, ON M5V 3Z6, Canada"
Village Rehab Team - King West (Toronto),villagerehabteam@gmail.com,"56 Ordnance Street, King St W, Toronto, ON M6K 0C9, Canada"
Foundation Physiotherapy & Performance - Trinity Bellwoods Dundas West,dundaswest@foundationphysio.com,"861 Dundas St W, Toronto, ON M6J 1V6, Canada"
Advanced Pelvic Physiotherapy Centre - Toronto,info@advancedpelvic.ca,"123 Edward St #1124, Toronto, ON M5G 1E2, Canada"
Clover Physiotherapy,info@cloverphysio.ca,"474 College St Unit 407, Toronto, ON M6G 1A4, Canada"
Momentum SportMed and Wellness | Toronto,hello@momentumsportmed.ca,"717 Bay St, unit B1A Street Level, Toronto, ON M5G 2J9, Canada"
Physiothenix,care@physiothenix.com,"875 St Clair Ave W 3rd Floor, York, ON M6C 1C4, Canada"
Physiohealth Studios,info@physiohealthstudios.com,"33 Victoria St #130, Toronto, ON M5C 2A1, Canada"
LiveActive Sport Medicine and Physiotherapy Downtown Toronto,info@liveactivesportmed.com,"67 Yonge St Suite 5O1, Toronto, ON M5E 1J8, Canada"
The Orthopaedic Therapy Clinic,physio@orthophysio.com,"145 King St W Concourse Level, Toronto, ON M5H 1J8, Canada"
Triangle Physiotherapy Mississauga,info@trianglephysiotherapy.com,"4188 Living Arts Dr, Mississauga, ON L5B 0H7, Canada"
Rehab Collective Mississauga,info@rehabcollective.ca,"2170 Dunwin Dr Unit #7, Mississauga, ON L5L 5M8, Canada"
MUV Therapy Physio & Sports Medicine,user@domain.com,"15 Main St, Mississauga, ON L5M 1X4, Canada"
Proremedy Physiotherapy,info@proremedyphysio.com,"190 Robert Speck Pkwy Suite 200, Mississauga, ON L4Z 3K3, Canada"
OAK Physio & Wellness,mississauga@oakphysiowellness.ca,"1 City Centre Dr suite 120, Mississauga, ON L5B 1M2, Canada"
"Curezone Physiotherapy | Heartland, Mississauga",info@curezonephysiotherapy.com,"812 Britannia Rd W Suite 110, Mississauga, ON L5V 0A6, Canada"
Myo Mississauga,chinatown@myodetox.com,"5985 Rodeo Dr Unit 12, Mississauga, ON L5R 3V6, Canada"
Meadowvale Physiotherapy & Rehabilitation Centre,info@meadowvalephysio.ca,"3080 Windwood Dr. Unit 5, Mississauga, ON L5N 2K5, Canada"
Delta Physiotherapy & Rehab - Central Parkway Mississauga,icons@2x.png,"325 Central Pkwy W unit 38, Mississauga, ON L5B 3X9, Canada"
Mississauga Road PhysiotherapyClinic,mississaugardphysio@gmail.com,"128 Queen St S #8, Mississauga, ON L5M 1K8, Canada"
Dundas 427 Physiotherapy Mississauga,info@dundas427physio.com,"2200 Dundas St E #4A, Mississauga, ON L4X 2V3, Canada"
Thrive Physio,info@thrivephysio.ca,"777 Dundas St W, Mississauga, ON L5C 1C2, Canada"
Body Science Therapy,info@bodysciencetherapy.com,"6465 Millcreek Dr #140, Mississauga, ON L5N 5R3, Canada"
Art of Mobility Physiotherapy Mississauga - Port Credit,mississauga@artofmobility.com,"125 Lakeshore Rd E #202, Mississauga, ON L5G 1E5, Canada"
Fairview Physiotherapy,mississauga@fairviewphysiotherapy.com,"3355 Hurontario St #12, Mississauga, ON L5A 4E7, Canada"
Mississauga Pelvic Health,info@mississaugapelvichealth.com,"3662 Hurontario St Unit-#3, Mississauga, ON L5B 0G8, Canada"
Alleviate Physiotherapy Mississauga,mississauga@alleviatephysiotherapy.com,"144 Dundas St W #2, Mississauga, ON L5B 1H9, Canada"
Grey Method - Mississauga,info@greymethod.ca,"592 Rathburn Rd W, Mississauga, ON L5B 3A4, Canada"
Physiotherapy On Wheels,info@physiotherapyonwheels.com,"6295 Mississauga Rd, Mississauga, ON L5N 1A5, Canada"
PinPoint Health Mississauga,info@pinpointhealth.ca,"3465 Platinum Dr Unit 80, Mississauga, ON L5M 2S1, Canada"
Real Rehab - The Hybrid Physiotherapy Clinic in Mississauga,info@theactiverehab.ca,"1224 Dundas St W, Mississauga, ON L5C 4G7, Canada"
Triangle Physiotherapy Erin Mills,info@trianglephysiotherapy.com,"2520 Eglinton Ave W Unit 205, Mississauga, ON L5M 0Y4, Canada"
Alleviate Physiotherapy Clarkson,info@alleviatephysiotherapy.com,"2425 Truscott Dr #8, Mississauga, ON L5J 2B4, Canada"
Feel Good Physio & Rehab,erinmills@feelgoodpf.com,"2385 Burnhamthorpe Rd W #6, Mississauga, ON L5L 6A4, Canada"
The Health First Group - Mississauga,admin@healthfirstheartland.com,"200 Matheson Blvd W #104, Mississauga, ON L5R 3L7, Canada"
BeActive Physio Mississauga,Info@beactivephysio.ca,"1201 Britannia Rd W #7c, Mississauga, ON L5V 1N2, Canada"
Parkside Therapy Square One,info@parksidetherapy.ca,"520 Curran Place, Mississauga, ON L5B 0J4, Canada"
Churchill Physiotherapy Clinic - Best Physiotherapy Mississauga,churchillphysiotherapy@gmail.com,"3105 Winston Churchill Blvd Unit 18, Mississauga, ON L5L 5S3, Canada"
Pro 5 Physiotherapy Clinic,pro5physio@gmail.com,"1550 S Gateway Rd #213, Mississauga, ON L4W 5K3, Canada"
Therapic Physiotherapy Clinic - Clarkson - Mississauga,info@therapic.ca,"1020 Johnsons Ln a2, Mississauga, ON L5J 2P7, Canada"
Elevation Physiotherapy & Wellness,info@elevation-physio.com,"2340 Council Ring Rd Unit 105, Mississauga, ON L5L 1C1, Canada"
Lifemark City Centre,citycentre@lifemark.ca,"3420 Hurontario St, Mississauga, ON L5B 4A9, Canada"
Pure Physiotherapy,info@purephysio.ca,"1136 Lorne Park Rd, Mississauga, ON L5H 3C8, Canada"
Revibe,hello@revibeto.com,"2290 Dixie Rd, Mississauga, ON L4Y 1Z4, Canada"
Square One Physiotherapy,info@squareonephysio.ca,"3885 Duke of York Blvd c210, Mississauga, ON L5B 4M7, Canada"
Derry Village Physiotherapy And Chiropractic,derry.village.physio@gmail.com,"7070 St Barbara Blvd #2, Mississauga, ON L5W 0E6, Canada"
Delta Physiotherapy & Rehab - Erin Mills Mississauga,icons@2x.png,"2400 Dundas St W Unit 16, Mississauga, ON L5K 2R8, Canada"
Prime Physiotherapy & Sports Rehabilitation Centre,user@domain.com,"5425 Creditview Rd, Mississauga, ON L5V 2P3, Canada"
Physiotherapy & Beyond,info@physiotherapyandbeyond.com,"1601 Lakeshore Rd W, Mississauga, ON L5J 1J4, Canada"
PhysioNow - Hurontario,applewood@physionow.ca,"4557 Hurontario St Unit B-10, Mississauga, ON L4Z 3M2, Canada"
Clarkson Sports and Physiotherapy,info@indiantypefoundry.com,"1400 Lakeshore Rd W, Mississauga, ON L5J 1J1, Canada"
R3 Physiotherapy and Wellness,r3therapyclinic@gmail.com,"2624 Dunwin Dr #6, Mississauga, ON L5L 3T5, Canada"
Village Physiotherapy & Rehabilitation Centre,villagephysiotherapy.info@gmail.com,"57 Village Centre Pl, Mississauga, ON L4Z 1V9, Canada"
Brampton Physiocare & Wellness Clinic,manny@bramptonpcw.com,"51 Mountainash Rd #9, Brampton, ON L6R 1W4, Canada"
MedRehab Group Physiotherapy - Brampton,brampton@medrehabgroup.com,"10 Earlsbridge Blvd Unit 4, Brampton, ON L7A 3P1, Canada"
Active Physiotherapy Brampton,info@activephysiobrampton.com,"31 Steeplebush Ave Unit 1a, Brampton, ON L6R 3B4, Canada"
Heal360 Physio and Rehab | Massage | Physiotherapy | Motor Vehicle Accident Rehab | Workplace Injury Rehab,info@heal360physio.ca,"284 Queen St E UNIT #215, Brampton, ON L6V 1C2, Canada"
PinPoint Health Brampton- Physio/Chiro/RMT/Naturopath,info@pinpointhealth.ca,"75 Montpelier St, Brampton, ON L6Y 6H4, Canada"
Brampton Physiotherapy + Wellness Institute,brampton@lifeclinics.ca,"160 Main St S Unit #6, Brampton, ON L6W 2E1, Canada"
Physiotherapy First,info@physiotherapyfirst.ca,"511 Ray Lawson Blvd, Brampton, ON L6Y 0N2, Canada"
Ruhani Physio & Wellness,info@ruhaniphysio.com,"123 Inspire Blvd Unit 2, Brampton, ON L6R 3W3, Canada"
Rejuvenate Physiotherapy & Rehabilitation Centre,info@rejuvenatephysiorehab.com,"9960 Airport Rd Unit 2, Brampton, ON L6S 0C5, Canada"
Lifemark Physiotherapy Fisherman & Hurontario,brampton@lifemark.ca,"2 Fisherman Dr, Brampton, ON L7A 1B5, Canada"
Circle Physiotherapy,info@platinumphysiotherapy.ca,"10725 McLaughlin Rd Unit#5, Brampton, ON L7A 3E5, Canada"
Myhealth Flow - RMT and Massage in Brampton,info@liferehab.ca,"123 West Dr unit 2, Brampton, ON L6T 2J6, Canada"
Platinum Physiotherapy,info@platinumphysiotherapy.ca,"545 Steeles Ave W unit 11, Brampton, ON L6Y 4E7, Canada"
DRS Physio & Wellness,drsphysio105@gmail.com,"1090 Peter Robertson Blvd Unit 105, Brampton, ON L6R 3B3, Canada"
Airport Rehab Centre,airportrehab@gmail.com,"247 Queen St E Unit no 103, Brampton, ON L6W 0B8, Canada"
Titan Physiotherapy Health (Brampton),titanphysiotherapyhealth@gmail.com,"2080 Steeles Ave E #8, Brampton, ON L6T 5A5, Canada"
Physio Village Clinic Brampton,physiovillage@gmail.com,"200 County Ct Blvd unit 10 A, Brampton, ON L6W 4K7, Canada"
Brampton Ortho Neuro Physiocare,manny@bramptonpcw.com,"Unit#3, 9845 Chinguacousy Rd Unit 1, Brampton, ON L6X 0V1, Canada"
Care Plus Physiotherapy,admin.jp@careplusphysio.ca,"15 Fandor Way, Brampton, ON L7A 4S2, Canada"
BlueismyPhysiotherapist,impallari@gmail.com,"178 John St, Brampton, ON L6W 2A4, Canada"
Kings Cross Physiotherapy & Sports Injury Clinic,paulgarvey@kingscrossphysio.com,"456 Vodden St E, Brampton, ON L6S 5Y7, Canada"
Movement Rehab Inc,info@movementrehabinc.com,"164 Queen St E Unit 207, 2nd Floor, Brampton, ON L6V 1B4, Canada"
Maple Leaf Physiotherapy and Pelvic Health,info@itiwelness.com,"7920 Hurontario St Unit# 36, Brampton, ON L6Y 0P7, Canada"
Lifemark Physiotherapy North Bramalea,northbramalea@lifemark.ca,"9780 Bramalea Rd #302, Brampton, ON L6S 2P1, Canada"
Airport Physio and Rehab,info@airportphysio.ca,"6231 Mayfield Rd #125, Brampton, ON L6P 4R9, Canada"
Alpha Physiotherapy And Rehab,info@alphaphysio.ca,"2955 Sandalwood Pkwy E, Brampton, ON L6R 3J6, Canada"
Care Plus Physiotherapy,admin.jp@careplusphysio.ca,"9705 James Potter Rd #12, Brampton, ON L6X 3B9, Canada"
Health Horizon Physiotherapy & Rehab Centre,contact@healthhorizonphysio.com,"17 Worthington Ave Unit#10, Brampton, ON L7A 2Y7, Canada"
East Brampton Physiotherapy,eastbramptonphysio@gmail.com,"39 Seachart Pl #2, Brampton, ON L6P 3E1, Canada"
Shoppers World Physiotherapy,info@yoursite.com,"1 Bartley Bull Pkwy #12, Brampton, ON L6W 3T7, Canada"
Millennium Health Services,Admin@mhsclinic.ca,"20 Polonia Ave, Brampton, ON L6Y 5W8, Canada"
Action Physiotherapy,info@actionphysiotherapy.com,"332 Main St N #2, Brampton, ON L6V 1P8, Canada"
Dusk Physiotherapy,img-logo-header@2x.png,"55 Dusk Dr #1, Brampton, ON L6Y 5Z6, Canada"
Westview Physiotherapy,info@westviewphysiotherapy.ca,"625 Remembrance Rd Unit 102, Brampton, ON L7A 5H2, Canada"
Van Rehab,info@vanrehabphysio.ca,"380 Bovaird Dr E #26, Brampton, ON L6Z 2S8, Canada"
MyoHealth Physio,info@myohealthphysio.com,"18 Corporation Dr Unit 3, Brampton, ON L6S 6B5, Canada"
Peak Rehab,info@peakrehab.ca,"2 Kennedy Rd S #4A, Brampton, ON L6W 3E1, Canada"
Castlemore Advanced Therapeutics,castlemorefrontdesk@gmail.com,"65 Braydon Blvd, Brampton, ON L6P 2S4, Canada"
Rejuvenate Physiotherapy & Rehabilitation Centre,info@rejuvenatephysiorehab.com,"opposite Rexall, 499 Main St S Unit 144, Brampton, ON L6Y 1N7, Canada"
Vaughan Physiotherapy Clinic,info@vaughanphysiotherapy.com,"398 Steeles Ave W #201, Thornhill, ON L4J 6X3, Canada"
"Rutherford Physiotherapy & Sports Injury Clinic (Vaughan, Richmond Hill)",rutherfordphysio25@gmail.com,"9302 Bathurst St suite 2B, Vaughan, ON L6A 4N9, Canada"
Physiotherapy @ Woodbridge,admin@woodbridgept.ca,"8611 Weston Rd Unit 28, Ground Floor, Vaughan, ON L4L 9P1, Canada"
The Physiotherapy Professionals,info@thephysiopros.com,"9100 Jane St #102, Vaughan, ON L4K 0A4, Canada"
My Physio Sports & Rehab Centre,info@my-physio.ca,"8077 Islington Ave., Woodbridge, ON L4L 7X7, Canada"
Advanced Physiocare,info@adphysiocare.ca,"3582 Major MacKenzie Dr W Unit 203, Vaughan, ON L4H 3T6, Canada"
Sporting Edge Physiotherapy,icons@2x.png,"3611 Major MacKenzie Dr W #4, Woodbridge, ON L4H 2Y8, Canada"
BodyWorx Vitality,icons@2x.png,"3570 Rutherford Rd Unit 90-92, Vaughan, ON L4H 3T8, Canada"
MedRehab Group Physiotherapy - Vaughan,chosen-sprite@2x.png,"10395 Weston Rd Building A, Vaughan, ON L4H 3T4, Canada"
"PinPoint Health Vaughan- Physiotherapy, Chiropractic & Foot Care Clinic",info@pinpointhealth.ca,"200 Windflower Gate #700, Vaughan, ON L4L 9L3, Canada"
Premier Spine and Sport Rehabilitation & Wellness,info@premierspineandsport.ca,"31 Villarboit Crescent Unit B, Vaughan, ON L4K 4R2, Canada"
Foundation Physiotherapy & Wellness - Vaughan,vaughan@foundationphysio.com,"100 Bass Pro Mills Dr Unit 29A, Vaughan, ON L4K 5X1, Canada"
Lifemark Physiotherapy Maple,maple@lifemark.ca,"2200 Rutherford Rd Unit 12, Concord, ON L4K 5V2, Canada"
Med Wellness Physiotherapy and Rehab Centre in Vaughan | Massage therapy in Vaughan | shockwave therapy,medwellnesscentre@gmail.com,"110 Ansley Grove Rd, Woodbridge, ON L4L 3R1, Canada"
Complete Care Physiotherapy Centre | Best Physiotherapy | Best Chiropractic Clinic | Massage Therapy Clinic | Vaughan,admin@physiocompletecare.ca,"9671 Jane St #2, Maple, ON L6A 3X5, Canada"
Premier Physiotherapy & Sports Medicine,reception@premierphysiotherapy.com,"4451 Teston Rd Unit 4-5, Woodbridge, ON L4H 5E5, Canada"
Centre for Health & Performance,info@chperformance.ca,"2640 Rutherford Rd Suite 201, Vaughan, ON L4K 0H3, Canada"
MedRehab Group,woodbridge@medrehabgroup.com,"B05, 8333 Weston Rd, Vaughan, ON L4L 8E2, Canada"
Full Function Rehab & Wellness,info@fullfunctionrehab.com,"8633 Weston Rd Unit 3, Woodbridge, ON L4L 9R6, Canada"
Movement Sports Medicine + Physiotherapy,Hello@MovementSportsMed.com,"31 Disera Dr Suite 210, Thornhill, ON L4J 0A7, Canada"
Lifemark Physiotherapy Pine Valley,woodbridge@lifemark.ca,"4500 Hwy 7 Suite 100, Woodbridge, ON L4L 4Y7, Canada"
BetterCare,bz@drbtherapeutics.ca,"3550 Rutherford Rd #86, Vaughan, ON L4H 3T8, Canada"
R3 Physiotherapy and Wellness,r3therapyclinic@gmail.com,"3420 Major MacKenzie Dr W #101, Vaughan, ON L4H 4J6, Canada"
Vaughan Spine & Sport Therapy,vaughanspineandsporttherapy@gmail.com,"9441 Jane St Unit 111, Maple, ON L6A 4H8, Canada"
Primal Human Performance,info@primalhumanperformance.com,"inside Peak Performance Golf, 31 Jevlan Dr, Woodbridge, ON L4L 8C2, Canada"
"Rehab Science Health Centre - Physio, Chiropractic, Massage, Acupuncture",605a7baede844d278b89dc95ae0a9123@sentry-next.wixpress.com,"10555 Jane St #3, Vaughan, ON L6A 3L1, Canada"
HealthBridge Physio,info@healthbridgephysio.ca,"9200 Weston Rd Unit 22-23, Vaughan, ON L4H 2P8, Canada"
Maple Health Care & Rehab,mailtomail@maplehealthcare.com,"10175 Keele St, Maple, ON L6A 1G3, Canada"
Technical Touch Performance & Sport Rehab,technicaltouchrehab@gmail.com,"7979 Weston Rd, Vaughan, ON L4L 0L4, Canada"
Kleinburg Physiotherapy,info@kleinburgphysiotherapy.com,"110 Nashville Rd suite 200 201, Vaughan, ON L0J 1C0, Canada"
Helping Hands Physiotherapy & Massage Woodbridge,info@hhphysiotherapy.ca,"9750 Weston Rd unit 16, Woodbridge, ON L4H 2Z7, Canada"
Healtopia Vaughan,info@healtopia.ca,"7700 Pine Valley Dr Suite 202, Woodbridge, ON L4L 2X4, Canada"
"Kinetic Impressions - Chiropractic, Registered Massage Therapy, Physiotherapy, Athletic Therapy",kineticimpressions@gmail.com,"7777 Kipling Ave Suite 103, Vaughan, ON L4L 2Z3, Canada"
Movement Chiropractic & Rehab,dr.lauratari@gmail.com,"3865 Major MacKenzie Dr W Unit 105, Vaughan, ON L4H 4P4, Canada"
MVMT Physiotherapy,feelbetter@mvmtphysio.com,"100 Eagle Rock Way #3, Vaughan, ON L6A 5B9, Canada"
MECH Physiotherapy,contact@mechphysiotherapy.com,"1136 Centre St Suite 201, Thornhill, ON L4J 3M8, Canada"
Biophysio Rehabilitation Clinic,biophysiorc@gmail.com,"2389 Major MacKenzie Dr W unit b 100, Maple, ON L6A 3Z2, Canada"
Cityview Physio & Rehab,cityviewrehab@gmail.com,"551 Cityview Blvd, Woodbridge, ON L4H 0Z4, Canada"
Core Health Care,img-logo@2x.png,"40 Innovation Dr Unit 5, Vaughan, ON L4H 0T2, Canada"
ISOMATIC Integrative Health Centre,info@isomatic.ca,"630 Aberdeen Ave Unit 3, Vaughan, ON L4L 5M4, Canada"
Eikonic Health + Wellness,user@domain.com,"7777 Weston Rd Suite 170, Vaughan, ON L4L 1A6, Canada"
Centro Physiotherapy,icons@2x.png,"7777 Weston Rd #114, Woodbridge, ON L4L 0G8, Canada"
Speed Training Lab + High Performance Centre ® | Move Better Physiotherapy + Rehabilitation Centre,info@speedtraining.ca,"120 Carlauren Rd #6, Vaughan, ON L4L 8E5, Canada"
"Precision Physiotherapy, Chiro, Massage - Hamilton Mountain Upper Wentworth",info@precisionphysio.ca,"880 Upper Wentworth St #2B, Hamilton, ON L9A 5H2, Canada"
Hamilton Physio & Rehab - Hamilton Downtown James St S,hamiltonphysiorehab@gmail.com,"200 James St S #207, Hamilton, ON L8P 3A9, Canada"
Charlton Physio and Wellness,info@charltonphysiotherapy.com,"230 James St S F3, Hamilton, ON L8P 3B3, Canada"
Lifemark Physiotherapy Main East & Kenilworth,hamilton-maine@lifemark.ca,"1440 Main St E #5, Hamilton, ON L8K 6M3, Canada"
MedRehab Group Physiotherapy - Stoney Creek Clinic,stoneycreek@medrehabgroup.com,"631 Queenston Rd #302, Hamilton, ON L8K 6R5, Canada"
Lifemark Physiotherapy Hamilton Mountain,hamilton.mountain@lifemark.ca,"520 Upper Sherman Ave, Hamilton, ON L8V 3L8, Canada"
Sanford Physiotherapy & Wellness Centre,connect@sanfordphysiotherapy.ca,"560 Main St E, Hamilton, ON L8M 1J2, Canada"
"ProHeal Physio - Physiotherapy Near Me - Physiotherapy services in Hamilton Hamilton, Upper James",info@prohealphysio.ca,"1051 Upper James St #205, Hamilton, ON L9C 3A6, Canada"
Thrive Physiotherapy,info@thrivephysio.com,"237 Locke St S, Hamilton, ON L8P 4T4, Canada"
Upper James Physio,info@upperjamesphysio.com,"1508 Upper James St, Hamilton, ON L9B 2L6, Canada"
Lifemark Physiotherapy Hamilton Cannon Street,cannonstreet@lifemark.ca,"232 Cannon St E Unit 202, Hamilton, ON L8L 0A9, Canada"
Innova Physio & Sports Rehab - Physiotherapy Hamilton,mehtarahul527@gmail.com,"920 Upper Wentworth St Unit 9, Hamilton, ON L9A 5C5, Canada"
Revive Physiotherapy & Performance,info@revive-health.ca,"318 Dundurn St S Unit 2, Hamilton, ON L8P 2M5, Canada"
Healthy Body,info@healthy-body.ca,"1314 Upper Wentworth St, Hamilton, ON L9A 4W2, Canada"
Triune Physiotherapy Clinic | Massage Therapy in Hamilton,info@triunetherapy.ca,"675 Rymal Rd E Unit #2, Hamilton, ON L8W 1B5, Canada"
Precision Physiotherapy - Dundas Physio & Rehab,info@precisionphysio.ca,"133 King St W #201, Dundas, ON L9H 1V3, Canada"
Lifemark Physiotherapy Mohawk & Upper Wellington,mohawk@lifemark.ca,"210 Mohawk Rd E #3, Hamilton, ON L9A 2H6, Canada"
Medhealth Physiotherapy,info@medhealthphysio.ca,"547 Upper James St Unit # 3, Hamilton, ON L9C 2Y5, Canada"
Sterling Physiotherapy,info@sterlingphysiotherapy.com,"Located Inside Rexall, 505 Rymal Rd E, Hamilton, ON L8W 3X1, Canada"
Physio-Care Services,physiocare845@gmail.com,"845 Upper James St Suite 208, Hamilton, ON L9C 3A3, Canada"
Lifemark Physiotherapy Main West & Longwood,hamilton-mainw@lifemark.ca,"875 Main St W #4, Hamilton, ON L8S 4P9, Canada"
Dia Physio Care & Wellness Center,info@diaphysiocare.com,"1030 Lower Lions Club Rd, Hamilton, ON L9H 5E3, Canada"
Function101 Chiro + Physio,info@function101.ca,"101 Locke St S Unit # 2, Hamilton, ON L8P 4Y9, Canada"
We Care Rehab Clinic,info.hamilton@wecarerehab.ca,"651 Fennell Ave E, Hamilton, ON L8V 1T9, Canada"
South Coast Physio + Wellness Hub,hamilton@southcoastphysiotherapy.ca,"754 Queenston Rd #4c, Hamilton, ON L8G 1A4, Canada"
Restorative Touch Physiotherapy,info@restorativetouchphysiotherapy.ca,"1119 Fennell Ave E #236, Hamilton, ON L8T 1S3, Canada"
AIM Physio & Wellness Clinic,info@aimphysiowellness.com,"1555 Main St W, Hamilton, ON L8S 1E6, Canada"
Kids Physio Group - Hamilton,hamilton@kidsphysio.ca,"385 Wilson St E #303, Ancaster, ON L9G 2C1, Canada"
Port Coquitlam Physiotherapy & Sports Injury Clinic,user@domain.com,"1379 Laurier Ave, Port Coquitlam, BC V3B 2B9, Canada"
South Coast Physio + Wellness Hub Mountain,delhi@southcoastphysiotherapy.ca,"438 Concession St, Hamilton, ON L9A 1C2, Canada"
Paradise Physio & Wellness,paradisephysiotherapy@gmail.com,"634 Stone Church Rd W Unit C, Hamilton, ON L9B 1V3, Canada"
imove Clinic,chambers-of-commerce-group-plan@2x.webp,"30 Rymal Rd E, Hamilton, ON L9B 1T7, Canada"
Upper James Wellness Clinic,upperjameswellness@gmail.com,"297 Brucedale Ave E, Hamilton, ON L9A 1R2, Canada"
Unbound Movement: Physiotherapy and Osteopathy,user@domain.com,"99 Pearl St S, Hamilton, ON L8P 3X3, Canada"
Aim Rehabilitation Centre: Chiropractor Physiotherapy and Massage Therapy,user@domain.com,"25 Redmond Dr Ste 7, Hamilton, ON L8W 3K7, Canada"
"FlexWell Physiotherapy, Sports Physio, Pelvic floor Physio,Massage, Osteopathy - Rymal and Upper James",info@flexwellphysio.ca,"79 Rymal Rd W unit 3, Hamilton, ON L9B 1B5, Canada"
The Spine Chiropractic,thespinechiro@gmail.com,"402 S Milliken Ave suite d, Ontario, CA 91761, USA"
South Ontario Chiropractic,dcrod1992@gmail.com,"647 East E Street #105, Ontario, CA 91764, USA"
"Campbell Chiropractic Centre - London, Ontario",admin@campbellcc.com,"770 Riverside Dr, London, ON N6H 2S4, Canada"
Cedar Chiropractic,chiropractic-tables@1x.jpg,"1801 Excise Ave Suite # 109, Ontario, CA 91761, USA"
Ontario Chiropractic Association,oca@chiropractic.on.ca,"70 University Ave #201, Toronto, ON M5J 2M4, Canada"
United Chiropractic Health Center,unitedchiro92@gmail.com,"410 N Lemon Ave, Ontario, CA 91764, USA"
The Chiropractic House & Co,clintonchirohouse@gmail.com,"80 Mary St, Clinton, ON N0M 1L0, Canada"
Lighthouse Chiropractic & Wellness,care@lhchiro.ca,"906 Queen St, Kincardine, ON N2Z 2Y2, Canada"
Queen Street Chiropractic,adam@queenstchiro.ca,"293 Queen St, Newmarket, ON L3Y 2G3, Canada"
"Dr. Laura (Baxter) Gravelle | Chiropractor | London, Ontario",drlauragravelle@gmail.com,"886 Cranbrook Rd, London, ON N6K 4Y8, Canada"
Rideau Lakes Chiropractic,rideaulakeschiropractic@gmail.com,"10 Perth St, Elgin, ON K0G 1E0, Canada"
Martin Chiropractic - Drs. Greg & Scott Martin,user@domain.com,"292 King St W, Oshawa, ON L1J 8P3, Canada"
The Healing Path Chiropractic and Wellness Centre,img-premier-treatment@2x.jpg,"2435 Appleby Line, Burlington, ON L7L 0B6, Canada"
Dr. Peter Smith,Icon@2x-150x150.png,"1857 Sawmill Rd, Conestogo, ON N0B 1N0, Canada"
Strive Health + Performance,info@strivehealthandperformance.ca,"1032 Austin Ave #102, Coquitlam, BC V3K 3P3, Canada"
Essence Chiropractic,logo@2x.png,"60 Bridgeport Rd E #202, Waterloo, ON N2J 2J9, Canada"
Canadian Chiropractic Association,info@chiropractic.ca,"184 Front St E #200, Toronto, ON M5A 4N3, Canada"
Wellington Chiropractic Centre,drshaitamir@wellingtonchiropractic.ca,"297 Wellington St E, Aurora, ON L4G 6K9, Canada"
Powered By Chiropractic,user@domain.com,"250 Bayview Dr Unit 11, Barrie, ON L4N 4Y8, Canada"
Huron Chiropractic Centre,huronchiro@hurontel.on.ca,"107 South St, Goderich, ON N7A 3L8, Canada"
Dr. Calvin Cheung - Chiropractor @ Aurora Integrative Medical (Brentwood),info@auroramed.ca,"4212 Dawson St, Burnaby, BC V5C 0B8, Canada"
Backs in Action Rehab and Wellness Centre,info@backsinaction.ca,"2917 Hebb Ave, Vancouver, BC V5M 0C4, Canada"
Dr. Andy So @ Upper Oakville Chiropractic,wecare@uochiro.com,"1011 Upper Middle Rd E Unit A5, Oakville, ON L6H 4L5, Canada"
"Dr Brian Kleinberg, Chiropractor",bkleinberg@rogers.com,"390 Steeles Ave W #206, Thornhill, ON L4J 6X2, Canada"
Centre Chiropratique Alexandria Chiropractic Centre,chiropincourt@gmail.com,"266 Bishop St N, Alexandria, ON K0C 1A0, Canada"
Upper Oakville Chiropractic Centre,wecare@uochiro.com,"1011 Upper Middle Rd E, Oakville, ON L6H 4L5, Canada"
"Dr. Eve Choe, Toronto Chiropractor + Posture Expert",info@drevechoe.com,"1730 Bloor St W, Toronto, ON M6P 1B3, Canada"
ChiroPath Spine & Posture Centre,info@chiropath.ca,"340 College St Suite 265, Toronto, ON M5T 3A9, Canada"
Core Wellness Centre,info@corewellnesscentre.ca,"726 St Clair Ave W, York, ON M6C 1B3, Canada"
Evolve Chiropractic and Physiotherapy,reception@evolvechiropractic.com,"437 Roncesvalles Ave #105, Toronto, ON M6R 3B9, Canada"
Toronto Neck and Back Pain Clinic | Toronto Chiropractor,info@torontoneckandbackpain.com,"1849 Yonge St #412, Toronto, ON M4S 1Y2, Canada"
Total Wellness Family Chiropractic,dr.manji@totalwellnesschiropractic.ca,"1497 Yonge St #204, Toronto, ON M4T 1Z2, Canada"
Transform Chiropractic,info@transformchiropractic.com,"2425 Bloor St W #410, Toronto, ON M6S 4W4, Canada"
Dr Ken Nakamura Downtown Toronto Chiropractor,info@rebalancetoronto.com,"55 University Avenue Mezzanine (2nd Floor, Toronto, ON M5J 2H7, Canada"
Dr. Maria Davidovic Chiropractic,dr.mdavidovic@gmail.com,"1246 Yonge St #303, Toronto, ON M4T 1W7, Canada"
Chiropractor Toronto | Restoracare Health,info@restoracarehealth.com,"East Tower, 130 Queens Quay E Unit.1003 (Tower E 10th Floor, Toronto, ON M5A 4J9, Canada"
York Family Chiropractic - A Toronto Chiropractor,info@YFChiropractic.com,"2991 Bathurst St, Toronto, ON M6B 3B3, Canada"
The Well Adjusted Chiropractic Centre,605a7baede844d278b89dc95ae0a9123@sentry-next.wixpress.com,"69 Yonge St #301, Toronto, ON M5E 1K3, Canada"
Dr. Chadell Phillip Chiropractor,605a7baede844d278b89dc95ae0a9123@sentry-next.wixpress.com,"1344 Queen St W, Toronto, ON M6K 1L4, Canada"
Divine Spine,info@divinespine.com,"3105 Dufferin St, Toronto, ON M6A 0B8, Canada"
Dr. Alex Ritza - Yorkville Corrective Chiropractor,dralex@dralexritza.com,"890 Yonge St Suite 600, Toronto, ON M4W 3P4, Canada"
Atlas Chiropractic & Family Wellness,info@atlashealth.ca,"383 Pacific Ave, Toronto, ON M6P 2R2, Canada"
Grice Chiropractic,info@gricechiropractic.ca,"2297 Weston Rd F3, York, ON M9N 1Z7, Canada"
Dr. Erin Madonia Family Chiropractic,dr.erin.madonia@gmail.com,"130 Spadina Ave. Suite 808, Toronto, ON M5V 2L4, Canada"
Anatomica // Functional Health and Wellness,rmt@anatomica.ca,"1302 Bloor St W, Toronto, ON M6H 1N9, Canada"
The Mindful Spine Wellness Studio,info@themindfulspine.ca,"4665 Yonge St Unit 301, North York, ON M2N 0B4, Canada"
Advanced Spine Centre,info@advancedspinecentre.com,"234 Eglinton Ave E Unit #201, Toronto, ON M4P 1K7, Canada"
Bloor West Village Chiropractic,info@bloorwestchiropractic.com,"783 Annette St, Toronto, ON M6S 2E4, Canada"
Danforth East Wellness,hello@danfortheastwellness.ca,"1776 Danforth Ave, Toronto, ON M4C 1H8, Canada"
Dr. Carmen Leung - Chiropractor,mskclinic@gmail.com,"11 Ivanhoe Dr, Markham, ON L6C 0X7, Canada"
DC Chiropractic Markham,dcchiroclinic@gmail.com,"7 Joseph St, Markham, ON L3P 2M8, Canada"
the [clinic] Chiropractor Toronto,info@theclinic-toronto.net,"401 Bay St. 1210 Floor 12, Toronto, ON M5H 2Y4, Canada"
My Toronto Chiropractor - Dr. Leslie Horowitz,mytorontochiro@gmail.com,"418 Eglinton Ave W #302, Toronto, ON M5N 1A2, Canada"
"Dr. Michael Berenstein, Chiropractic",dmbc-logo@2x.png,"151 Bloor St W Unit 840, Toronto, ON M5S 2T5, Canada"
Scarborough Village Physio & Chiro,admin@scarboroughphysiochiro.com,"3545 Kingston Rd #12, Scarborough, ON M1M 1R6, Canada"
Coquitlam Family Chiropractic,info@coquitlamfamilychiropractic.com,"2885 Barnet Hwy #210, Coquitlam, BC V3B 1C1, Canada"
VIP HEALTH CARE CLINIC,viphealthcare@hotmail.com,"2610 Weston Rd #2, North York, ON M9N 2B1, Canada"
The JawSpine Centre | Chiropractor,Info@thejawspinedoctor.com,"Located in Y&F Dental, 26 Wellington St E Unit #110, Toronto, ON M5E 1S2, Canada"
Como Lake Chiropractic and Wellness,team@comolakechiropractic.com,"1960 Como Lake Ave #101, Coquitlam, BC V3J 3R3, Canada"
King West Chiropractic Health Centre,info@kingwestchiropractic.com,"145 King St W, Toronto, ON M5H 4G2, Canada"
GTA SPINE – Physiotherapy & Rehab Clinc,admin@gtaspine.com,"600 Burnhamthorpe Rd W, Mississauga, ON L5B 2C4, Canada"
Chiropractic on Eagle,team@chirofirst.ca,"407 Eagle St, Newmarket, ON L3Y 1K5, Canada"
"Dr. Marc Di Nardo, Chiropractor",info@drmarcdinardo.com,"1910 Yonge St #101, Toronto, ON M4S 3B2, Canada"
Humber Valley Chiropractic,user@domain.com,"40 Westmore Dr #201, Etobicoke, ON M9V 4C2, Canada"
Uptown Chiropractic,info@uptownchiropractic.ca,"645 Mt Pleasant Rd, Toronto, ON M4S 2N2, Canada"
"HealthyToDos Markham Health & Rehab Clinic - Naturopath, IV Therapy, Chiropractor, Sports Injuries, RMT & Foot Orthotics",info@healthytodos.com,"4581 Hwy 7 Unit 102, Markham, ON L3R 1M6, Canada"
JFu Chiropractic,jfuchiro@gmail.com,"674 Kingston Rd Suite 210, Toronto, ON M4E 1R6, Canada"
Pure Alignment Chiropractic and Wellness,purealignmentchiropractic@outlook.com,"8470 Hwy 27 Unit 109, Woodbridge, ON L4H 0S3, Canada"
"Dr. Han Yu Cheng, D.C., Chiropractor (Henry)",user@domain.com,"164 Eglinton Ave E #302, Toronto, ON M4P 1G4, Canada"
Ossington Chiropractic and Rehabilitation (OCR),info@ossingtonchiro.ca,"145 Ossington Ave, Toronto, ON M6J 2Z6, Canada"
Mobility House - Your Home for All Things Wellness,info@mobilityhouse.ca,"470 Wellington St W, Toronto, ON M5V 2L1, Canada"
Curtis McClelland Chiropractic & Personal Training,dr.curtis.mcclelland@gmail.com,"620 Church St PH Level, Toronto, ON M4Y 2G2, Canada"
Thrive Natural Family Health,info@thrivehealth.ca,"Suite 502, 110 Eglinton Ave E, Toronto, ON M4P 2Y1, Canada"
"b-Stretched Church and Charles - Physiotherapists, Chiropractors, Acupuncture, Massage, Exercise",user@domain.com,"73 Charles St E, Toronto, ON M4Y 1V2, Canada"
Bloor-Avenue Chiropractic,bachiro@bellnet.ca,"1033 Bay St. #314, Toronto, ON M5S 3A5, Canada"
"Dr. Gavin O'Handley, D.C.",dr.ohandley@teamkinect.ca,"445 King St W #101, Toronto, ON M5V 1K4, Canada"
"The Centre for Fitness, Health & Performance / The Jaw & Facial Pain Centre",clinic@cffhp.com,"1 St Clair Ave E Suite 1001, Toronto, ON M4T 2V7, Canada"
Oma Chiropractic & Wellness,info@omachiro.com,"1 Munro St, Toronto, ON M4M 2B7, Canada"
Beyond Chiropractic Health Centre,admin@beyondchiropractic.ca,"133 Richmond St W #406, Toronto, ON M5H 2L3, Canada"
MCMRehab - Dr. Matthew Missiha,drmissiha@mcmtorontorehab.com,"180 Bloor St W Suite 1105, Toronto, ON M5S 2V6, Canada"
Source Chiropractic,miracles@sourcechiro.ca,"326 Adelaide St W Suite 301, Toronto, ON M5V 1R3, Canada"
ONE80 Health,contact@one80health.com,"1200 Bay St. Suite 803, Toronto, ON M5R 2A5, Canada"
"Dr. Arash Saleki, DC, Toronto-Chiropractor",dr.a.saleki@gmail.com,"600 Sherbourne St Suite 610, Toronto, ON M4X 1W4, Canada"
"Dr. Gavin O'Handley, DC & Dr. Andrew Misener, DC",richmond@kinectrehab.ca,"78 Richmond St E Unit 100, Toronto, ON M5C 1P1, Canada"
"b-Stretched St. Clair West - Physio, Chiro, Massage, Stretch Therapy",bayadelaide@bstretched.com,"30 St Clair Ave W #101, Toronto, ON M4V 3A1, Canada"
Active Family Chiropractic and Wellness Centre,info@wellnesschiropractor.com,"80 Queen St S, Mississauga, ON L5M 1K4, Canada"
GMG Health and Wellness,admin@gmghealth.ca,"350 Burnhamthorpe Rd E unit 7, Mississauga, ON L5A 3S5, Canada"
City Centre Chiropractic,img-logo-header@2x.png,"900 Rathburn Rd W B3, Mississauga, ON L5C 4C3, Canada"
The Chiropractic Office & Health Associates,appointments@thechiropracticoffice.ca,"2227 South Millway Unit 203, Mississauga, ON L5L 3R6, Canada"
Health & Healing Family Chiropractic,info@mississaugafamilychiropractic.com,"2351 Royal Windsor Dr unit 11, Mississauga, ON L5J 4S7, Canada"
The Chiro Collective,user@domain.com,"2305 Stanfield Rd Unit 67, Mississauga, ON L4Y 1Z9, Canada"
AHC WELLNESS CLINIC,info@ahcwellnessclinic.com,"2318 Dunwin Dr #11, Mississauga, ON L5L 1C7, Canada"
Universal Chiropractic,img-logo-header-1@2x.png,"1900 Minnesota Ct #110, Mississauga, ON L5N 2W3, Canada"
Intelligent Health Group - Mississauga,info@intelligenthealthgroup.ca,"3180 Ridgeway Dr #38, Mississauga, ON L5L 5S7, Canada"
True North Chiropractic - Streetsville,info@truenorthchiropractic.ca,"115 Queen St S Unit 2, Mississauga, ON L5M 1K7, Canada"
Family Chiropractic and Athlete Care - Heartland,drmichelledasilva@gmail.com,"100 Matheson Blvd E Unit 102, Mississauga, ON L4Z 2G7, Canada"
Myofascial Release Mississauga,info@myofascialmississauga.com,"35 Thomas St, Mississauga, ON L5M 1Y6, Canada"
Amlinger Family Chiropractic Centre,amlingerchiropractic@outlook.com,"3476 Glen Erin Dr #210, Mississauga, ON L5L 3R4, Canada"
Align Chiropractic & Wellness Centre,clinic@alignchiropractic.ca,"5636 Glen Erin Dr, Mississauga, ON L5M 6B1, Canada"
The Core Optimum Health & Performance Centre,Reception@uthinkcore.ca,"400 Matheson Blvd E #24, Mississauga, ON L4Z 1N8, Canada"
Meadowvale Family Chiropractic & Massage,meadowvale.chiropractic@bellnet.ca,"3221 Derry Rd W Unit 6, Mississauga, ON L5N 7L7, Canada"
Dr. Tania Wickramasinghe - C.E. Health Services,user@domain.com,"5260 McFarren Blvd #164, Mississauga, ON L5M 7J3, Canada"
OAK Chiro & Wellness,mississauga@oakchirowellness.com,"1 City Centre Dr, Mississauga, ON L5B 1M2, Canada"
Erin Centre Chiropractic and Wellness,eccw@bellnet.ca,"2690 Erin Centre Blvd, Mississauga, ON L5M 5P5, Canada"
Kore~Energy Chiropractic & Wellness Centre,img-hero@2x.jpg,"3190 Ridgeway Dr Unit 35, Mississauga, ON L5L 5S8, Canada"
Grossbeak Chiropractic and Rehabilitation,drmiller@grossbeakchiro.com,"5925 Grossbeak Dr #4, Mississauga, ON L5N 6S5, Canada"
Churchill Chiropractic,img-logo-header@2x.png,"3058 Pettigrew Crescent, Mississauga, ON L5L 4W9, Canada"
YourBack Chiropractic,header_sept2025-2.jpg@2x.jpg,"1100 Central Pkwy W Suite 30, Mississauga, ON L5C 4E5, Canada"
City View Chiropractic & Sports Injury Clinic,cityviewchiropractic@gmail.com,"3075 Ridgeway Dr Unit 5, Mississauga, ON L5L 5M6, Canada"
Dixie Dundas Chiropractic & Acupuncture Clinic,605a7baede844d278b89dc95ae0a9123@sentry-next.wixpress.com,"3197 Dixie Rd, Mississauga, ON L4X 1N3, Canada"
Collaborative Healthcare Network,info@chcnetwork.ca,"3405 South Millway #5, Mississauga, ON L5L 3R1, Canada"
Canadian Chiropractic Spinal Decompression Centres,info@canadachiro.ca,"250 Dundas St W #401, Mississauga, ON L5B 1J2, Canada"
Momentum Healing Arts Centre,info@momentumhealingarts.com,"1065 Canadian Pl #101, Mississauga, ON L4W 0C2, Canada"
Lambert Chiropractic Health Centre,lambertchiroapts@gmail.com,"150 Lakeshore Rd W Suite 104, Mississauga, ON L5H 3R2, Canada"
"-Spine Advanced / Cawthra-Dundas Chiropractic- Dr. Mark Jagger, D.C.",info@spineadvanced.com,"3185 Cawthra Rd, Mississauga, ON L5A 2X4, Canada"
Holistic Medical Clinic,info@holisticmedclinic.ca,"1425 Dundas St E Unit 4, Mississauga, ON L4X 2W4, Canada"
MyHealth Care Centre,info@myhealth.ca,"137 Queen St E, Mississauga, ON L5G 1N1, Canada"
Active Life Wellness Center,info@alwc.ca,"31 Steeplebush Ave Unit 1, Brampton, ON L6R 3B4, Canada"
Sahara Health,user@domain.com,"50 Sunny Meadow Blvd Unit 103, Brampton, ON L6R 0Y7, Canada"
RMT Movement,info@rmtmovement.ca,"195 County Ct Blvd suite 200, Brampton, ON L6W 4P7, Canada"
Durham Chiropractic and Wellness Centre,info@bramptonchirowellness.com,"413 Veterans Drive, Brampton, ON L7A 4Y9, Canada"
Life Chiropractic & Wellness Centre,logo@2x.png,"205 Van Kirk Dr #11, Brampton, ON L7A 3V4, Canada"
Massage Addict Brampton Bramalea and Sandalwood,bramalea@massageaddict.ca,"10525 Bramalea Rd Units 7 & 8, Brampton, ON L6R 3P4, Canada"
Intelligent Health Group - Brampton,info@intelligenthealthgroup.ca,"110 Brickyard Way Unit 10, Brampton, ON L6V 4N1, Canada"
Nirvana Wellness Centre,info@nirvanawellness.ca,"57 Mill St N Unit 102, Brampton, ON L6X 1S9, Canada"
Bramalea Chiropractic Walk-In and Physiotherapy Clinic,dr.p.keogh@gmail.com,"100 Peel Centre Dr #2, Brampton, ON L6T 4G8, Canada"
Massage Addict Brampton Bovaird and Worthington,brampton@massageaddict.ca,"17 Worthington Ave Unit 18, Brampton, ON L7A 2Y7, Canada"
Dr. Sonam Chahal - Chiropractic Doctor & Physiotherapy - Five Senses Spa and Wellness Centre,fivesensesdayspa@gmail.com,"125 Chrysler Dr #8, Brampton, ON L6S 6L1, Canada"
Heart Lake Chiropractic and Spinal Decompression Centre,heartlakesdc@gmail.com,"10425 Kennedy Rd N #205, Brampton, ON L6Z 0A4, Canada"
FIT Clinic - Functional Integrity Therapies,info@fitclinic.ca,"2250 Bovaird Dr E #606, Brampton, ON L6R 0W3, Canada"
Rehance Health Centre,dravneetsinghrai@gmail.com,"188 Main St S Unit 10, Brampton, ON L6W 2E2, Canada"
Avala Wellness,aft4l1vf99ebe6q8ghnbcie620@group.calendar.google.com,"50 Sunny Meadow Blvd unit 104, Brampton, ON L6R 1X5, Canada"
Massage Addict Brampton Hwy 410 and Steeles,bramptonhwy410@massageaddict.ca,"90 Resolution Dr Unit D101A, Brampton, ON L6W 4V2, Canada"
Dr. Doug - Chiropractor,info@drdoug.ca,"36 Vodden St E #107, Brampton, ON L6V 4H4, Canada"
Advanced Vitality,info@advancedvitality.ca,"197 County Ct Blvd, Brampton, ON L6W 4P6, Canada"
INSYNC Wellness,admin@insyncwellness.com,"20 Rivermont Rd B3, Brampton, ON L6Y 6G7, Canada"
Epic Health and Movement,epichealthandmovement@gmail.com,"5A Conestoga Dr, Brampton, ON L6Z 4N5, Canada"
Dr. Ryan Donsky,info@ndiscovered.com,"195 County Ct Blvd suite 200, Brampton, ON L6W 4P7, Canada"
Kaur Chiropractic & Family Wellness Centre,info@kaurchiropractic.com,"2250 Bovaird Dr E #211, Brampton, ON L6R 3J5, Canada"
Latitude Health,cure@latitudehealth.ca,"8405 Financial Dr Unit 2, Brampton, ON L6Y 1M1, Canada"
Dr. Anita Chopra - Brampton's Family Chiropractor,dranitachopra@gmail.com,"2 County Ct Blvd Suite 400, Brampton, ON L6W 3W8, Canada"
Lacoste Rehab,lacosterehab@gmail.com,"60 Lacoste Blvd UNIT 106, Brampton, ON L6P 2K2, Canada"
Royal Chiropractic and Sports Injury Clinic,info@royalclinic.ca,"100 Westcreek Blvd, Brampton, ON L6T 0B8, Canada"
Movement Patterns,user@domain.com,"30 Gillingham Dr #502, Brampton, ON L6X 4P8, Canada"
Head To Toe Wellness Centre,headtotoechiropractic@gmail.com,"36 Vodden St E, Brampton, ON L6V 4H4, Canada"
Intelligent Health Group,info@intelligenthealthgroup.ca,"57 Mill St N Unit 103, Brampton, ON L6X 1S9, Canada"
Vellore Chiropractic & Wellness Centre,info@vellorechiropractic.ca,"9587 Weston Rd #7, Vaughan, ON L4H 3A5, Canada"
Vaughan Chiropractic,info@vaughanchiropractic.com,"8383 Weston Rd Unit 108, Woodbridge, ON L4L 0K7, Canada"
Vibrant Life Chiropractic,info@vibrantlifechiropractic.com,"8086 Islington Ave. Unit #1, Woodbridge, ON L4L 1W5, Canada"
Healing Touch Chiropractic & Wellness Clinic,info@healingtouchchiro.ca,"9960 Dufferin St Unit 4, Vaughan, ON L6A 4K5, Canada"
Health Matters Chiropractic Centre,info@healthmattersvaughan.ca,"3175 Rutherford Rd Suite 57, Vaughan, ON L4K 5Y6, Canada"
Atlantis Chiropractic and Spinal Decompression,team@latofonts.com,"8099 Weston Rd Unit #11, Woodbridge, ON L4L 0C1, Canada"
Massage Addict Vaughan Weston and Langstaff,vaughan@massageaddict.ca,"3650 Langstaff Rd Unit 12, Vaughan, ON L4L 9A8, Canada"
Dr. Walter Salubro - Back To Health Chiropractic Centre,frontdesk@ibthcc.com,"20 Cranston Park Ave, Vaughan, ON L6A 2W2, Canada"
Woodbridge Avenue Chiropractic & Wellness Centre,info@woodbridgeavenuechiropractic.ca,"53 Woodbridge Ave Unit 4, Woodbridge, ON L4L 9K9, Canada"
Back Clinics of Canada,Asset-40@2x.png,"3120 Rutherford Rd #5, Concord, ON L4K 0B1, Canada"
Body Science Chiropractic & Rehabilitation,info@body-science.ca,"4610 Hwy 7 #302, Woodbridge, ON L4L 7B9, Canada"
Peak Chiro Plus,logo@2x.png,"9222 Keele St Unit #14, Vaughan, ON L4K 5A3, Canada"
Back To Basics Health & Wellness,info@backtobasics.care,"9983 Keele St #104, Vaughan, ON L6A 1P6, Canada"
Health Pro Wellness,user@domain.com,"125 Hawkview Blvd #2, Vaughan, ON L4H 3T7, Canada"
PinPoint Health Woodbridge- Performance & Wellness Centre,info@pinpointhealth.ca,"5100 Rutherford Rd #11-12, Woodbridge, ON L4H 2J2, Canada"
Massage Experts - Vaughan,Logo@3x-copy-300x104.png,"3120 Rutherford Rd #17, Concord, ON L4K 0B2, Canada"
Professional Care Rehab Centre | Thornhill Chiropractic Clinic,info@professionalcarerehab.com,"9001 Dufferin St Unit A2, Thornhill, ON L4J 0H7, Canada"
Massage Addict Maple,maple@massageaddict.ca,"1850 Major MacKenzie Dr W Unit 3-4, Vaughan, ON L6A 4R9, Canada"
Body Cure Sport and Therapy,drmerogi@bodycure.ca,"8787 Weston Rd #19a, Woodbridge, ON L4L 0C3, Canada"
Primo Chiropractic & Wellness Centre,info@primochiropractic.com,"9565 Weston Rd #101, Woodbridge, ON L4H 3A5, Canada"
The Rehab Centre Of Maple,info@trcmaple.com,"2810 Major MacKenzie Dr W #1, Maple, ON L6A 3L2, Canada"
Islington Village Chiropractic Health Centre,dr.cafaro@ivchc.ca,"9600 Islington Ave., Woodbridge, ON L4H 1X5, Canada"
Keele Finch Chiropractic Centre,kfchiropractic@rogers.com,"1315 Finch Ave W Suite #204, North York, ON M3J 2G5, Canada"
Holistic Healthcare Centre,cindyfabro.rmt@gmail.com,"2174 Major MacKenzie Dr W Building B, Maple, ON L6A 4W2, Canada"
"Kleinburg Integrative Health, Wellness Clinic in Vaughan",reception@kihclinic.com,"Unit 10, 10480 Islington Ave., Kleinburg, ON L0J 1C0, Canada"
Dr. Alexey Mashentsev,dc.alexeymashentsev@gmail.com,"110 Nashville Rd Suite 201, Vaughan, ON L0J 1C0, Canada"
Seaborn Health- Family Chiropractic & Wellness,info@drsarahseaborn.com,"110 Nashville Rd Suite 201, Vaughan, ON L0J 1C0, Canada"
Elgin Clinic,605a7baede844d278b89dc95ae0a9123@sentry-next.wixpress.com,"2255 Elgin Ave, Port Coquitlam, BC V3C 2B4, Canada"
Hamilton Chiropractic & Wellness,605a7baede844d278b89dc95ae0a9123@sentry-next.wixpress.com,"838 Fennell Ave E Unit 202, Hamilton, ON L8V 1V6, Canada"
Avenue Chiro & Rehab,admin@avechirorehab.ca,"848 Fennell Ave E Suite 103, Hamilton, ON L8V 1W1, Canada"
Hamilton Back Clinic,info@hamiltonbackclinic.com,"1600 Rymal Rd E, Hamilton, ON L8W 3P1, Canada"
Paramount Family Chiropractic and Massage Therapy,office@pfchiro100.com,"230 Anchor Rd #4, Hamilton, ON L8W 3R2, Canada"
Ortho Max - Therapy Clinic,info@orthomax.ca,"Jackson Square Mall, 2 King St W Unit 110, Hamilton, ON L8P 1A1, Canada"
Rosedale Chiropractic Clinic,info@auroraintegrativehealth.ca,"230 Graham Ave S, Hamilton, ON L8K 2M6, Canada"
Hamilton Health & Wellness Centre,info@hamiltonhealthandwellness.ca,"865 Upper James St, Hamilton, ON L9C 3A3, Canada"
Mason Health Centre,info@masonhealthcentre.ca,"1070 Main St W, Hamilton, ON L8S 1B3, Canada"
Active Relief Centre,user@domain.com,"1057 Main St W Unit 203, Hamilton, ON L8S 1B7, Canada"
Absolute Chiropractic,info@example.com,"1508 Upper James St, Hamilton, ON L9B 2L6, Canada"
ONE Wellness Group - Family Massage Therapy,fmtconcession@gmail.com,"493 Concession St, Hamilton, ON L9A 1C1, Canada"
Mountain Chiropractic,605a7baede844d278b89dc95ae0a9123@sentry-next.wixpress.com,"682 Upper James St, Hamilton, ON L9C 2Z6, Canada"
Hamilton Chiropractic Clinic,support@webador.com,"39 Clydesdale St, Hamilton ML3 0DD, UK"
MMD Chiropractic Health Centre,info@mmdchiropractic.ca,"866 King St W, Hamilton, ON L8S 1K3, Canada"
Dr. Dan Srouji,impallari@gmail.com,"1508 Upper James St, Hamilton, ON L9B 2L6, Canada"
Harvard Rehabilitation,info@harvardrehab.net,"801 Mohawk Rd W Suite 201, Hamilton, ON L9C 7B7, Canada"
Family Chiropractic,schoutsen@hotmail.com,"1112 Rymal Rd E, Hamilton, ON L8W 3N7, Canada"
Back to Health Clinic,605a7baede844d278b89dc95ae0a9123@sentry-next.wixpress.com,"826 Mohawk Rd E, Hamilton, ON L8T 2R5, Canada"
Hamilton Family Chiropractic,taratommandc@gmail.com,"3426 M-40, Hamilton, MI 49419, USA"
Mountain Wellness Centre,info@indiantypefoundry.com,"437 Concession St, Hamilton, ON L9A 1C1, Canada"
Heal Health & Performance,contact@healclinic.ca,"560 Highland Rd W Unit 2, Hamilton, ON L8W 0C4, Canada"
Cain Chiropractic Injury Rehabilitation,cainchiro1885@gmail.com,"120 King St W Suite 1060a, Hamilton, ON L8P 4V2, Canada"
Toronto Acupuncture Clinic,samlo@torontoacupunctureclinic.com,"5 Sandalwood Pl, North York, ON M3B 1L5, Canada"
College of Traditional Chinese Medicine Practitioners and Acupuncturists of Ontario,info@ctcmpao.on.ca,"55 Commerce Valley Dr W #705, Thornhill, ON L3T 7P4, Canada"
Guo Chinese Medical Center,Nancy@GoChineseMedical.Com,"1865 E 4th St C-1, Ontario, CA 91764, USA"
Ontario College of Traditional Chinese Medicine | OCTCM,markham@octcm.com,"110 - 3190 Steeles Ave E, Markham, ON L3R 1G9, Canada"
Ontario College of Traditional Chinese Medicine Toronto | OCTCM,markham@octcm.com,"283 Spadina Ave. 3rd FL, Toronto, ON M5T 1H1, Canada"
Acupoint Wellness Centre,info@acupoint.ca,"808 Nelson St. #618, Vancouver, BC V6Z 2H2, Canada"
Kitchener Waterloo Acupuncture & Chinese Medicine Clinic,KWacupuncture@gmail.com,"619 Wild Ginger Ave C19, Waterloo, ON N2V 2X1, Canada"
Newmarket Acupuncture and Herbal Medicine,info@newmarketacupuncture.com,"724 Foxcroft Blvd, Newmarket, ON L3X 1N2, Canada"
YOON CLINIC Integrative Pain & Rehabilitation,info@yoonclinic.ca,"5050 Kingsway #401, Burnaby, BC V5H 4C2, Canada"
Registered Acupuncture and Massage Therapy,605a7baede844d278b89dc95ae0a9123@sentry-next.wixpress.com,"1986 Aldersbrook Rd, London, ON N6G 3X2, Canada"
Acu Corner by Karen Sze,info@KarenSze.com,"Buzz 117, 2 College St Suite 117, Toronto, ON M5G 1K3, Canada"
Sunshine Acupuncture & Wellness Kitchener Waterloo (KW) Clinic,info@sunshinewellnessclinic.com,"279 Larch St, Waterloo, ON N2L 3R3, Canada"
World Chinese Medicine and Acupuncture College Clinic of Canada,605a7baede844d278b89dc95ae0a9123@sentry-next.wixpress.com,"550 Hwy 7 Unit 32A, Richmond Hill, ON L4B 3Z4, Canada"
Eight Branches College of Eastern Medicine,info@eightbranches.ca,"112 Merton St 3rd floor, Toronto, ON M4S 2Z8, Canada"
Vaughan Acupuncture & Wellness,info@mapleacu.com,"7007 Islington Ave. #9, Vaughan, ON L4L 4T5, Canada"
McMaster Medical Acupuncture Program: An Evidence-Based Approach,acupuncture@mcmaster.ca,"1280 Main St W, Hamilton, ON L8S 4L8, Canada"
Mega Wellness Acupuncture & Herbs,info@mysite.com,"653 East E Street #106, Ontario, CA 91764, USA"
Chinese Medicine Peterborough,info@chinesemedicineptbo.com,"438 Rogers St, Peterborough, ON K9H 1W9, Canada"
Chatham Kent Chinese Medicine & Acupuncture Clinic,marsmars@auracom.com,"232 St Clair St, Chatham, ON N7L 3J7, Canada"
Maple Acupuncture & Wellness,info@mapleacu.com,"10040 Keele St #5, Maple, ON L6A 1A3, Canada"
Collingwood Acupuncture Clinic,605a7baede844d278b89dc95ae0a9123@sentry-next.wixpress.com,"20 Dillon Dr, Collingwood, ON L9Y 4S3, Canada"
Peterborough Acupuncture,jessegjacob@gmail.com,"329 Rubidge St, Peterborough, ON K9H 4C8, Canada"
Equilibrium Acupuncture & Herbs Wellness,info@equilibriumacuherbs.com,"22 Spring Creek Dr #2, Waterdown, ON L8B 1V7, Canada"
Lotus Care: Acupuncture & TCM Clinic (心莲堂),info@lotuscare.ca,"225 Metcalfe St #404, Ottawa, ON K2P 1P9, Canada"
Toronto School of Traditional Chinese Medicine,tstcm-logo-NEW_100x@2x.png,"700 Lawrence Ave W #433, North York, ON M6A 3B4, Canada"
chen's acupuncture clinic,nelson@acupuncture-in-brampton-mississauga.com,"8 Melanie Dr #204, Brampton, ON L6T 4L2, Canada"
Toronto Community Acupuncture (ToCA),info@communityacupuncturetoronto.ca,"3 Munro St, Toronto, ON M4M 2B7, Canada"
Acupuncture and Chinese Medicine Clinic,graceacupuncture@hotmail.com,"1433 London Rd, Sarnia, ON N7S 1P6, Canada"
"Jane Cheung, R.TCMP & Associates l TCM & Acupuncture",go.tcm.jane@gmail.com,"New Whitby Health Centre, 198 Des Newman Blvd, Whitby, ON L1P 0P9, Canada"
"Wendy Leung, Registered Acupuncturist",wendyleungacu@gmail.com,"100 Granby St, Toronto, ON M5B 1J1, Canada"
Ontario TCM Centre,ontariotcmcentre@hotmail.com,"3024 Hurontario St Unit G3, Mississauga, ON L5B 4M4, Canada"
Acupuncture Works,mcolavecchia@acupuncture-works.ca,"68 McLaughlin Rd #2, Lindsay, ON K9V 6B5, Canada"
Youwei Feng Acupuncture & TCM Clinic in Goderich,fengyouwei680907@gmail.com,"62a West St, Goderich, ON N7A 2K3, Canada"
River Clinic Acupuncture & Integrative Chinese Medicine,info@riverclinic.ca,"8787 Woodbine Ave #126, Markham, ON L3R 9T6, Canada"
Radiance Acupuncture,lianne@radianceacu.com,"2141 Lasalle Blvd, Greater Sudbury, ON P3A 2A3, Canada"
AcuNiagara,hello@acuniagara.com,"6453 Morrison St Suite 307, Niagara Falls, ON L2E 7H1, Canada"
"Vita Vitalis Wellness Center, Counseling & Spa",info@vitavitalis.ca,"130 Brew St #201, Port Moody, BC V3H 0E3, Canada"
Ontario College of Technology,info@octech.ca,"105 Gibson Dr Unit 106, Markham, ON L3R 3K7, Canada"
Aurora Integrative Medical,info@auroramed.ca,"4212 Dawson St, Burnaby, BC V5C 0B8, Canada"
Thai Oasis Massage and Acupuncture,thaioasisca@gmail.com,"Milton Mall, 55 Ontario St S, Milton, ON L9T 2M3, Canada"
Zen Acupuncture,zenclinic365@gmail.com,"1780 Town and Country Dr Suite A 102, Norco, CA 92860, USA"
Traditional Chinese Acupuncture and Herbals Clinic,marilyn.tcm@gmail.com,"5 Home St, Brockville, ON K6V 0A5, Canada"
McMaster Contemporary Medical Acupuncture Program,mcmasteracupuncture@mcmaster.ca,"1280 Main St W, Hamilton, ON L8S 4K1, Canada"
"Acupuncture Plus - Cindy Hautanen R.TCMP, R.Ac",cindyhautanen@gmail.com,"Lower Level, 169 Matthews St, Thunder Bay, ON P7A 3K8, Canada"
Faith Acupuncture Simon Lau 劉璟烽中醫針灸師,simon@faithacupuncture.ca,"330 Hwy 7 unit 312, Richmond Hill, ON L4B 3P8, Canada"
Acupuncture Center Toronto,hello@acupuncturecentertoronto.com,"12 Cumberland St #300, Toronto, ON M4W 1J5, Canada"
Hillgreen Oncology Acupuncture & Herbs - Midtown location,toronto@hillgreen.ca,"112 Merton St 3rd floor, Toronto, ON M4S 2Z8, Canada"
Wellness Acupuncture Clinic,oksana@wellnessacu.ca,"309 Jane St, Toronto, ON M6S 3Z3, Canada"
"Acupuncture, Zach Olesinski R.Ac",zacholesinski@gmail.com,"45 St Clair Ave W Suite#102, Toronto, ON M5H 1W7, Canada"
"Chinese Acupuncture & Natural Healing Clinic, Oriental and Pain management Clinic 康乐中医",infochineseacu@gmail.com,"4750 Yonge St Unit #316, North York, ON M2N 0J6, Canada"
Osteo Tuina - Dundas and Spadina,admin@osteotuina.com,"403 Dundas St W, Toronto, ON M5T 1G6, Canada"
Osteo Tuina - North York,admin@osteotuina.com,"4789 Yonge St #1202, North York, ON M2N 0G3, Canada"
North York Acupuncture & Physiotherapy Clinic,northyork5799@gmail.com,"2175 Sheppard Ave E #310, North York, ON M2J 1W8, Canada"
GTA Pain & Stress Clinic,gtapainstressclinic@gmail.com,"1110 Sheppard Ave E Suite 312, North York, ON M2K 2W2, Canada"
"Sasha Therapy Clinic: Massage Therapy, Chiropractic, Naturopathy, Acupuncture, Osteopathy and Psychotherapy.",amarkunina@gmail.com,"906 Sheppard Ave W Unit 3, Toronto, ON M3H 2T5, Canada"
Toronto Acupuncture Centre Scarborough,user@domain.com,"2330 Kennedy Rd, Scarborough, ON M1T 0A2, Canada"
Hillgreen Oncology Acupuncture & Herbs,toronto@hillgreen.ca,"9131 Keele St A1, Vaughan, ON L4K 5B4, Canada"
RMT & RAC WELLNESS CENTRE,rmtracwellnesscenter@gmail.com,"2693 Bur Oak Ave #1, Markham, ON L6B 1K8, Canada"
Blossom Health Clinic,ask@blossomhealthclinic.ca,"9940 Lougheed Hwy. #325, Burnaby, BC V3J 1N3, Canada"
Kindness Acupuncture Center 博爱中医,kindnessacupuncture@gmail.com,"5429 Hwy 7, Markham, ON L3P 1B9, Canada"
"ArtLine Holistic Centre, Osteopathy, Massage, Acupuncture",artline@artlineholistic.ca,"5 Casa Grande St, Richmond Hill, ON L4S 1R5, Canada"
Sunny Acupuncture and Herbs - Aurora,user@domain.com,"32 Payne Cres, Aurora, ON L4G 0X8, Canada"
Chinese Acupuncture & Herbal Clinic,info@chinesehealthway.com,"4430 Bathurst St Suite 313, North York, ON M3H 3S3, Canada"
Tzu Chi Wellness Group (Etobicoke West),TCWG.East.Info@tzuchi.ca,"5555 Eglinton Ave W E205, Etobicoke, ON M9C 5M1, Canada"
Holistic Acupuncture Clinic,drtomfung@gmail.com,"179 Main Street Markham N, Markham, ON L3P 1Y2, Canada"
Main Street Acupuncture Clinic,605a7baede844d278b89dc95ae0a9123@sentry-next.wixpress.com,"187 Main St S #205, Newmarket, ON L3Y 3Y9, Canada"
Acu-Pain Clinic,acupain2720@gmail.com,"2720 Bur Oak Ave #2, Markham, ON L6B 1K5, Canada"
Tzu Chi Wellness Group of Traditional Chinese Medicine (Hesperus Village) | 慈濟中醫診所（列治文山金星銀髮村分所）,TCWG.East.Info@tzuchi.ca,"1 Hesperus Rd unit 201, Vaughan, ON L4J 0G9, Canada"
Inspine Therapy - Port Moody,portmoody@inspinetherapy.com,"2404 St Johns St, Port Moody, BC V3H 2A9, Canada"
Laura Kaufer Acupuncturist,acu@laurakaufer.com,"37 Sandiford Dr #309, Whitchurch-Stouffville, ON L4A 3Z2, Canada"
Shu Acupuncture & Wellness Clinic,shuacupuncture@gmail.com,"37 Main Street Markham N Unit # 203, Markham, ON L3P 8C5, Canada"
White Lotus Clinic,info@whitelotusclinic.ca,"121 Willowdale Ave Suite 301, North York, ON M2N 6A3, Canada"
Runway Health,info@runwayhealth.ca,"39 Main Street Markham N Unit 3, Markham, ON L3P 1X3, Canada"
in balance chiropractic + acupuncture clinic - Dr. Kirsten Thomas,info@inbalancechiropractic.ca,"2715 Bur Oak Ave Unit #2, Markham, ON L6B 1K7, Canada"
Nth Degree Therapy (Formerly MVMT Integrative Medicine),admin@nthdegreetherapy.com,"5990 16th Ave, Markham, ON L3P 7R2, Canada"
Acupuncture Toronto - ALIVE Holistic Health & Fertility Clinic,clinic@aliveholistichealth.ca,"2 Carlton St. #708, Toronto, ON M5B 1J3, Canada"
The Acupuncture Oasis,info@theacuoasis.ca,"20 Maud St, Toronto, ON M5V 2M5, Canada"
ACUSOUL,user@domain.com,"54 Stewart St 2nd floor, Toronto, ON M5V 1H6, Canada"
Third Space Healing,605a7baede844d278b89dc95ae0a9123@sentry-next.wixpress.com,"10 Roden Pl 2nd Floor, Toronto, ON M5R 1P9, Canada"
TCM Acupuncture & Herbal Clinic,tcmrosedale@gmail.com,"600 Sherbourne St #510, Toronto, ON M4X 1W4, Canada"
Sage Health and Wellness,sage@sagehealthandwellness.com,"12 Irwin Ave Suite 200, Toronto, ON M4Y 1K9, Canada"
Toronto Integrative Medicine Centre,torontointegrative@gmail.com,"283 Spadina Ave. 3rd floor, Toronto, ON M5T 1H1, Canada"
Qi Herbs & Acupuncture Toronto,info@qitcm.ca,"901 Yonge St Unit 202, Toronto, ON M4W 2H2, Canada"
Cindy Lim Acupuncture and Oriental Medicine,cindylim.tcm@gmail.com,"748 King St W, Toronto, ON M5V 1N3, Canada"
Kampo Health - Toronto Acupuncture and Chinese Medicine Clinic,info@kampomedicine.com,"1240 Bay St. Suite 403, Toronto, ON M5R 2A7, Canada"
Simple Cures IMC - Toronto Acupuncture Clinic,info@simplecures.ca,"2010 Queen St E 2nd floor, Toronto, ON M4L 1J3, Canada"
Acupuncture For Good,acupunctureforgood@gmail.com,"320 1/2, Bloor St W Unit 1, Toronto, ON M5S 1W5, Canada"
Gallery Wellness,gallerywellnessrmt@gmail.com,"346 Dundas St W, Toronto, ON M5T 1G5, Canada"
A Delicate Balance Acupuncture,info@adelicatebalance.ca,"2 Carlton St. #720, Toronto, ON M5B 1J3, Canada"
"LITE ✨ Toronto Acupuncture, Massage, Psychotherapy & Energy Ctr",user@domain.com,"87 Harbord St, Toronto, ON M5S 1G6, Canada"
Radiant Health Acupuncture Toronto,user@domain.com,"588 Bloor St W Second floor, Toronto, ON M6G 1K4, Canada"
ACUPUNCTURE ON EGLINTON,michalkelly23@gmail.com,"418 Eglinton Ave W #304, Toronto, ON M5N 1A2, Canada"
Wuji Xuan Life Wellness – Acupuncture,admin@wujixuan.org,"255 Broadview Ave, Toronto, ON M4M 1Y2, Canada"
Traditional Today,user@domain.com,"Summit Spa, 705 King St W, Toronto, ON M5V 2W8, Canada"
Map Your Body. Registered Acupuncture & Massage Therapy,user@domain.com,"1849 Yonge St Suite 201, Toronto, ON M4S 1Y2, Canada"
Aches Away Toronto Massage Therapy,info@achesawaytoronto.ca,"2 Carlton St. #707, Toronto, ON M5B 2M9, Canada"
"Dr. Vyvyen Le, Chiropractor & Acupuncturist",info@drvyvyen.com,"1730 Bloor St W, Toronto, ON M6P 1B3, Canada"
Bodhi Acupuncture & Wellness,info@bodhiacuandwellness.com,"235 Danforth Ave, Toronto, ON M4K 1N2, Canada"
JCJ Massage Therapy | Acupuncture | Lymphatic Drainage,jcjmassagetherapy@gmail.com,"1063 St Clair Ave W, Toronto, ON M6E 1A6, Canada"
Lone Wolf Acupuncturist,info@lonewolfacupuncturist.ca,"137 Yonge St, Toronto, ON M5C 1W6, Canada"
SILK + PALM | Acupuncture,605a7baede844d278b89dc95ae0a9123@sentry-next.wixpress.com,"124 Cumberland St 3rd Floor, Toronto, ON M5R 1A6, Canada"
Cameron Buy R.Ac ~ Registered Acupuncturist,cameronbuy@gmail.com,"240 Roncesvalles Ave, Toronto, ON M6R 1L3, Canada"
Holistic Connection - Registered Massage Therapy & Wellness Clinic,info@holisticconnection.ca,"130 Spadina Ave. Suite 708, Toronto, ON M5V 2L4, Canada"
4Seasons Massage & Acupuncture,info@4seasonsmassage.ca,"2 Carlton St. Suite 720, Toronto, ON M5B 1J3, Canada"
"High Park Acupuncture (Holly Trinh R.AC, R.TCMP)",info@roncyosteo.com,"92 Roncesvalles Ave, Toronto, ON M6R 2K8, Canada"
Tokyo Acupuncture & Shiatsu Clinic,info@tokyoshiatsu.com,"2409 Yonge St Unit 300, Toronto, ON M4P 2E7, Canada"
Six Degrees Acupuncture,605a7baede844d278b89dc95ae0a9123@sentry-next.wixpress.com,"WSB Massage & Wellness, 2333 Dundas St W Suite 505, Toronto, ON M6R 3A6, Canada"
Health Haven Clinic Toronto,info@healthhavenclinic.com,"568 St Clair Ave W, York, ON M6C 1A5, Canada"
Chai Acupuncture,chaiacupuncture@gmail.com,"1849 Yonge St #411, Toronto, ON M4S 1Y2, Canada"
Zen and Tonic,info@zenandtonic.ca,"170 Mill St Unit S121 (Ground level, corner of Mill St, &, Cooperage St, Toronto, ON M5A 0J2, Canada"
AIM Wellness Clinic,info@aim-academy.ca,"455 Spadina Ave. Unit 300, Toronto, ON M5S 2G8, Canada"
The Herb Depot,support@theherbdepot.ca,"407 Dundas St W, Toronto, ON M5T 1G6, Canada"
Sunny Acupuncture and Herbs,user@domain.com,"2045 Dufferin St Suite 202C, Toronto, ON M6E 3R4, Canada"
Acupuncture Shiatsu Clinic,info@acupunctureshiatsuclinic.com,"25 Watline Ave #20, Mississauga, ON L4Z 2Z1, Canada"
Shoreside Wellness,605a7baede844d278b89dc95ae0a9123@sentry-next.wixpress.com,"287 Lakeshore Rd E, Mississauga, ON L5G 1H3, Canada"
TG Health Centre / TG Wellness Clinic,tgwellnessclinic@gmail.com,"1420 Burnhamthorpe Rd E # 210, Mississauga, ON L4X 2Z9, Canada"
Master Acupuncture Healing Centre,info@masteracupuncture.ca,"205 Queen St S, Mississauga, ON L5M 1L4, Canada"
Qi Healing Acupuncture Clinic,user@domain.com,"1735 Lakeshore Rd W, Mississauga, ON L5J 1J4, Canada"
Bernadette Yu,bernadetteyuwellness@gmail.com,"75 Watline Ave #116, Mississauga, ON L4Z 3E5, Canada"
Natural Balance Acupuncture Wellness,nb.acuwellness@gmail.com,"2351 Royal Windsor Dr unit 11, Mississauga, ON L5J 4S7, Canada"
Ren De Health Center,rendehealthcenter@hotmail.com,"3100 Ridgeway Dr #28, Mississauga, ON L5L 5M5, Canada"
Kaizen Health Group,info@kaizenhealthgroup.com,"5636 Glen Erin Dr Unit 11, Mississauga, ON L5M 6V2, Canada"
Expert Wellness Center - Mississauga,expertwellnesscenter@gmail.com,"1055 Canadian Pl #113, Mississauga, ON L4W 0C2, Canada"
Mississauga Naturopath Osteopath Clinic,contact@naturopathosteopathclinic.com,"1834 Lakeshore Rd W unit 6, Mississauga, ON L5J 1J7, Canada"
Charmy's Acupuncture Clinic,charmytcm@gmail.com,"4287 Village Centre Ct Unit 309-310, Mississauga, ON L4Z 1S2, Canada"
Kaizen Health Group - Robert Speck Parkway (Near Square One),info@kaizenhealthgroup.com,"190 Robert Speck Pkwy Suite 200, Mississauga, ON L4Z 3K3, Canada"
Tranquil Health Acupuncture & Laser,info@tranquilhealthclinic.com,"2155 Dunwin Dr Unit 3, Mississauga, ON L5L 4M1, Canada"
GYT Clinic Inc.,ayin.li@hotmail.com,"4870 Yorkshire Ave, Mississauga, ON L4Z 4G8, Canada"
Chi Acupuncture and Herbal Medicine Clinic,JANEQDAI@GMAIL.COM,"265 Queen St S, Mississauga, ON L5M 1L9, Canada"
Moksha The Healing Company,info@mysite.com,"744 Four Winds Way, Mississauga, ON L5R 3V4, Canada"
Ever Young Clinic,605a7baede844d278b89dc95ae0a9123@sentry-next.wixpress.com,"Winston Churchill Medical Centre, 6975 Meadowvale Town Centre Cir #1a, Mississauga, ON L5N 2W7, Canada"
StayFit,info@stayfitwellness.ca,"3015 Parkerhill Rd Unit 7, Mississauga, ON L5B 4B2, Canada"
Pain Relief-Relax Center,customer@painreliefcenter.ca,"3572 Cawthra Rd, Mississauga, ON L5A 3Y1, Canada"
The Root Natural Health Clinic,info@theroot.ca,"507 Lakeshore Rd E Unit #217, Mississauga, ON L5G 1H9, Canada"
Refresh Massage Therapy Mississauga,Refreshmassage2165@gmail.com,"2534 Confederation Pkwy, Mississauga, ON L5B 1S2, Canada"
Top Rehab Wellness,info@toprehabwellness.com,"512 Bristol Rd W #11b, Mississauga, ON L5R 4A8, Canada"
Real Rehab - Ayurvedic Massage & Acupuncture Clinic in Mississauga,info@theactiverehab.ca,"1224 Dundas St W #102, Mississauga, ON L5C 4G7, Canada"
Face and Body Harmony Massage & Acupuncture,facebodyharmony@gmail.com,"601 Shoreline Dr Unit 17, Mississauga, ON L5B 4K6, Canada"
THE HEALTH MIND & BODY WELLNESS CENTER,healthmindandbodywc@gmail.com,"165 Dundas St W #507, Mississauga, ON L5B 2N6, Canada"
Massage Addict Mississauga Applewood,applewood@massageaddict.ca,"1077 N Service Rd Unit 23, Mississauga, ON L4Y 1A6, Canada"
Mississauga Naturopathic Clinic,dr.lsbeit@gmail.com,"4287 Village Centre Ct #305, Mississauga, ON L4Z 1S2, Canada"
Queen West Physiotherapy & Acupuncture,info@queenwestphysio.ca,"345 Queen St W Unit 1, Brampton, ON L6Y 3A9, Canada"
Heaven Smile Center,info@heavensmilecenter.com,"178 John St Unit 306, Brampton, ON L6W 2A4, Canada"
Sama Arogya,info@samaarogya.com,"338 Queen St E #208, Brampton, ON L6V 1C4, Canada"
Supernal Flow Health and Wellness Inc,info@supernalflow.ca,"12 Elkhurst Rd, Brampton, ON L7A 0B5, Canada"
Dao Health,daohealthbrampton@gmail.com,"6231 Mayfield Rd #125, Brampton, ON L7A 0C4, Canada"
Alpha7 Therapy Clinic,alpha7therapyclinic@gmail.com,"499 Main St S, Brampton, ON L6Y 1N7, Canada"
Soul Hands Massage Therapy Clinic,info@soulhands.ca,"90 Eastern Ave Suite 11B, Brampton, ON L6W 0B6, Canada"
Revive Wellness Clinic,user@domain.com,"60 Gillingham Dr Suite 202, Brampton, ON L6X 0Z9, Canada"
MANKIND REHAB CENTRE,mankindrehabcentreinc@gmail.com,"341 Main St N #201, Brampton, ON L6X 3C7, Canada"
"Dr. Isha Bhatoa, Naturopathic Doctor",drishand@gmail.com,"10 Henderson Ave, Brampton, ON L7A 2A4, Canada"
Derry Health Center,contact@derryhealthcenter.com,"6980 Maritz Dr, Mississauga, ON L5W 1Z3, Canada"
Beehive Wellness Clinic,clinic.beehive127@gmail.com,"40 Finchgate Blvd, Brampton, ON L6T 3H9, Canada"
Triple Element Acupuncture & Wellness,info@tripleelement.com,"10 buttermill Ave unit 5 (second floor, 10 Buttermill Ave., Vaughan, ON L4K 3X4, Canada"
GS Acupuncture Clinic,info@gsclinic.co,"7777 Weston Rd #202, Vaughan, ON L4L 0G9, Canada"
Likai Medical Clinic,lkmedical.info@gmail.com,"30 Crew Crescent, Vaughan, ON L6A 3E9, Canada"
Best Health Acupuncture & Wellness Clinic,olfrawebdesign@gmail.com,"2200 Rutherford Rd Unit #204, Maple, ON L4K 5V2, Canada"
Bodhi Tree Oriental Health Clinic,INFO@BODHITREEHEALTHCLINIC.COM,"371 Bradwick Dr Unit 1, Vaughan, ON L4K 2P4, Canada"
Shen AccuCare & Wellness Inc.,hi@mystore.com,"93 Woodstream Blvd Suite 6, Vaughan, ON L4L 7Y7, Canada"
Splendid Healing,lorie@splendidhealing.ca,"80 Carlauren Rd Unit 31, Woodbridge, ON L4L 7Z5, Canada"
Life Vitality,605a7baede844d278b89dc95ae0a9123@sentry-next.wixpress.com,"56 Pennsylvania Ave, Concord, ON L4K 3V9, Canada"
The WOMB Vaughan,hello@thewombvaughan.ca,"545 N Rivermede Rd Unit #105, Concord, ON L4K 4H1, Canada"
Essential Balance Holistic Health Services,eileen@essentialbalance.ca,"36 Gidleigh Park Crescent, Woodbridge, ON L4H 1J3, Canada"
Needles for Health Acupuncture,needlesforhealthacupuncture@gmail.com,"2200 Rutherford Rd Unit #204, Vaughan, ON L4K 5V2, Canada"
Yaletown Wellness Center - Hamilton | RMT Vancouver Acupuncture,info@yaletownwellness.com,"878 Hamilton St, Vancouver, BC V6B 6A2, Canada"
Serene Healthcare Clinic,contact@sereneclinic.com,"1447 Upper Ottawa St Unit 15, Hamilton, ON L8W 3J6, Canada"
Mulberry Wellness,info@mulberrywellness.ca,"166 Bay St N, Hamilton, ON L8R 2C8, Canada"
Ohmm Centre,doctcm@gmail.com,"150 King St E, Hamilton, ON L8N 1B2, Canada"
LONGPING(LUCY) CUI--Registered Acupuncturist & Registered TCM Practitioner,hamiltontcm@gmail.com,"835 Paramount Dr, Stoney Creek, ON L8J 0B4, Canada"
Stoney Creek Acupuncture,Annalisa@stoneycreekacupuncture.com,"42 King St W, Stoney Creek, ON L8G 1H8, Canada"
Jane Acupuncture,jane.tcmacupuncture@gmail.com,"835 Paramount Dr, Stoney Creek, ON L8J 0B4, Canada"
Wellspring Health and Wellness Clinic,info@wellspringwellness.ca,"975 Queenston Rd unit 3A, Stoney Creek, ON L8E 5W2, Canada"
Durand Health at Young St.,contact@durandhealth.com,"136 Young St, Hamilton, ON L8N 1V5, Canada"
Hamilton Mill Acupuncture and Wellness,user@domain.com,"3523 Braselton Hwy Suite C-100, Dacula, GA 30019, USA"
"Hamilton Traditional Chinese Medical Health Science Center-Nathalie Xian Yi Yan, PhD",nathaliehealthc@hotmail.com,"132 Parkdale Ave S #109, Hamilton, ON L8K 6K4, Canada"
Lococo Wellness Clinic,info@lococowellnessclinic.ca,"302 Grays Rd, Hamilton, ON L8E 1V5, Canada"
Pinpoint RMT,605a7baede844d278b89dc95ae0a9123@sentry-next.wixpress.com,"2 Addresses, 217 Main St W, Hamilton, ON L8P 1J4, Canada"
Evolve Health & Wellness,info@evolve-massage.ca,"779 Upper Wentworth St, Hamilton, ON L9A 4V7, Canada"
Lebon Therapy,info@lebontherapy.com,"53 Chatham St, Hamilton, ON L8P 2B3, Canada"
Aly Gomes Acupuncture,alygomesacupuncture@gmail.com,"1051 Upper James St suite 203, Hamilton, ON L9C 3A6, Canada"
Appleby Wellness Centre,info@applebywellness.ca,"4265 Thomas Alton Blvd #208, Burlington, ON L7M 0M9, Canada"
Well Moms & Co.,wellmomsandcompany@gmail.com,"409 Charlton Ave W, Hamilton, ON L8P 2E6, Canada"
Joie Day Spa | Laser Hair Removal | Skin Rejuvenation | Hamilton,info@joiedayspa.ca,"374 King St E, Hamilton, ON L8N 1C3, Canada"
"Kinetic Cleanse - Hamilton Physiotherapy, Chiropractic, Massage Therapy & Naturopath",contact@kineticcleanse.com,"565 Sanatorium Rd, Hamilton, ON L9C 7N4, Canada"
Massage Addict Hamilton Stoney Creek Mountain,stoneycreek@massageaddict.ca,"835 Paramount Dr Unit 103, Stoney Creek, ON L8J 0B4, Canada"
Livelong Wellness Clinic,clinic@livelongwellness.ca,"189 Hughson St S, Hamilton, ON L8N 2B6, Canada"
Hamilton Pelvic Health Centre (Ideal Physio),admin@idealphysio.com,"1215 Stone Church Rd E, Located In Crunch Fitness, 131 Upper Centennial Pkwy, Hamilton, ON L8J 2T7, Canada"
The Health Centre Dundas,info@thehealthcentredundas.com,"245 Mill St, Dundas, ON L9H 2L6, Canada"
Flourish Therapy Practices,605a7baede844d278b89dc95ae0a9123@sentry-next.wixpress.com,"Suite 209, 627 Main St E, Hamilton, ON L8M 1J5, Canada"
Massage Addict Hamilton West Mountain,hamilton@massageaddict.ca,"1160 Upper Paradise Rd Unit 3, Hamilton, ON L9B 0A5, Canada"
MB Total Wellness,maria.olivari.rmt@gmail.com,"371 Goderich St, Port Elgin, ON N0H 2C1, Canada"
The Massage Company,info@indiantypefoundry.com,"72 Main St, Erin, ON N0B 1T0, Canada"
The Massage Company Acton,info@indiantypefoundry.com,"19 Willow St N, Acton, ON L7J 1Z6, Canada"
Brantford Therapeutic Massage,user@domain.com,"330 West St, Brantford, ON N3R 7V5, Canada"
Oakridge Massage and Wellness,melanie@oakridgemassageandwellness.com,"1855 Bruce Rd 1, Holyrood, ON N0G 2B0, Canada"
Relieve & Rehabilitate Registered Massage Therapy (RMT) Clinic NEWMARKET,605a7baede844d278b89dc95ae0a9123@sentry-next.wixpress.com,"22 Main St N, Newmarket, ON L3Y 3Z7, Canada"
Main Street RMT & Wellness Clinic,shannyntherapy@gmail.com,"187 Main St S Unit 205-207, Newmarket, ON L3Y 3Y9, Canada"
RMT Clinic Willowdale North York,willowdale@rmtclinic.net,"5460 Yonge Street, Unit#210 1-traffic light south Finch @, Dynasty Office & Retail, Kempford Blvd, North York, ON M2N 6K7, Canada"
Tina Tong Registered Massage Therapy,tinatongrmt@gmail.com,"326 Wilson St E, Ancaster, ON L9G 2C2, Canada"
Myokinetics Registered Massage Therapy,myokineticsrmt@gmail.com,"2255 Wilson Ave #110, Port Coquitlam, BC V3C 2A8, Canada"
Registered Massage Therapists' Association of Ontario,info@rmtao.com,"1243 Islington Ave. #704, Etobicoke, ON M8X 1Y9, Canada"
Nexus Massage & Rehab,contact@nexushealthclinic.com,"40 Eglinton Ave E Unit 603, Toronto, ON M4P 3A2, Canada"
MyoCare Registered Massage Therapy + Wellness,contact@www.myocarermt.com,"1096 Bathurst St, Toronto, ON M5R 3G9, Canada"
Toronto Community Massage and Wellness,contact@torontocommunitymassage.com,"489 College St 3rd Floor, Suite 304, Toronto, ON M6G 1A5, Canada"
Tuina Toronto,torontotuina@gmail.com,"116 Dundas St W, Toronto, ON M5G 1C3, Canada"
"Nicki Iskander, RMT",nicki.iskander.rmt@gmail.com,"209 Dunn Ave, Toronto, ON M6K 2S1, Canada"
North Toronto RMT Clinic,admin@northtormt.com,"3080 Yonge St Unit# 5070 Above Loblaws City Market, Entrance besides, Tim Hortons, Toronto, ON M4N 3N1, Canada"
Flex Massage Therapy,info@flexmassagetherapy.com,"2 Carlton St. #603, Toronto, ON M4Y 1X4, Canada"
Massage Matters,info@massage-matters.ca,"Bank of Upper Canada Building, 97 George St, Toronto, ON M5A 2N4, Canada"
Bahn Thai Spa and School of Traditional Thai Massage and Wellness Centre,info@bahnthaispa.com,"136 Adelaide St E, Toronto, ON M5C 1K9, Canada"
Onsite Chair Massages At Work & Events - GTA Mobile Massage,info@gtamobilemassage.com,"2248 Keele St Unit #2, North York, ON M6M 3Y9, Canada"
"STRETCH | Therapy & Wellness - Massage Therapy, Fascial Stretch Therapy, Myofascial Release, Facial Massage, TMJ, Cupping",melanie@melaniedardanou.com,"26 Rusholme Park Crescent, Toronto, ON M6J 2C9, Canada"
Body Calm Registered Massage (Treating Women Only),info@bodycalm.ca,"New location, 2230 Lake Shore Blvd W 2nd floor, Etobicoke, ON M8V 0B2, Canada"
MASSAGE THERAPY by Massaje + Wellness Clinic,info.massajewellness@gmail.com,"3195 Sheppard Ave E Unit 101, Scarborough, ON M1T 3K1, Canada"
DAO YI WELLNESS,info@daoyiwellness.com,"1178 Eglinton Ave W, Toronto, ON M6C 2E3, Canada"
RMT STUDIO,info@rmtstudio.com,"573 Wellington St W Second Floor, Toronto, ON M5V 1G3, Canada"
Katy Nguyen RMT,user@domain.com,"31 Emerson Ave, Toronto, ON M6H 3S7, Canada"
Massage Well4U RMT Clinic,massagewell4u@gmail.com,"3850 Finch Ave E #301, Scarborough, ON M1T 3T6, Canada"
Rustic Massage Therapy and Physiotherapy Clinic,rusticmasssage@gmail.com,"310B Rustic Rd, Toronto, ON M6L 1W5, Canada"
Epione Massage Therapy Clinic,epionemassagetherapy@gmail.com,"63 Cathedral High St, Markham, ON L6C 0P3, Canada"
Laya Spa & Yoga,info@layaspaandyoga.com,"986 Queen St W, Toronto, ON M6J 1H1, Canada"
LifeHealthMassage Therapeutic Clinic,appointment@lifehealthmassage.com,"2940 Finch Ave E Unit 1, Scarborough, ON M1W 2T4, Canada"
The Holistic Move | Tim Wong | Toronto Massage Therapy & Personal Training,info@theholisticmove.com,"11 Irwin Ave 2nd Floor, Toronto, ON M4Y 1L1, Canada"
Andrew Foster RMT,andyrmt2@rogers.com,"189 Parkmount Rd, Toronto, ON M4J 4V5, Canada"
Annex RMT Physical Health Clinic,605a7baede844d278b89dc95ae0a9123@sentry-next.wixpress.com,"1415 Bathurst St Suite 303, Toronto, ON M5R 3H8, Canada"
M.O. Therapy,motherapycanada@gmail.com,"20 Apple Creek Blvd, Markham, ON L3R 5Z1, Canada"
Jade Wellness Clinic,appt@jadewellness.ca,"3050 Yonge Street, SW corner, @Lawrence Ave West Unit# 201, Toronto, ON M4N 2K4, Canada"
Clinical Wellness - Massage Therapy,info@www.lilymassageclinic.com,"385 Silver Star Blvd #202, Scarborough, ON M1V 0E3, Canada"
Footscape Reflexology & Massage Spa,info@footscape.ca,"350 Hwy 7 #111, Richmond Hill, ON L4B 3N2, Canada"
wellbe family wellness (beaches),user@domain.com,"1120 Kingston Rd Unit 7, Scarborough, ON M1N 1N8, Canada"
Sutherland-Chan Massage Therapy Clinic Richmond Hill,mail@sc-clinic.com,"20 Vogell Rd Unit B, Richmond Hill, ON L4B 3K4, Canada"
Take A Rest SPA Massage,takearestv@gmail.com,"3003 St Johns St, Port Moody, BC V3H 0L4, Canada"
Aroma Day Spa Markham,hellokristy128@gmail.com,"5261 Hwy 7 Unit 100, Markham, ON L3P 1B8, Canada"
"Myotherapy Toronto, Registered Massage Therapy",admin@airodigital.com,"800 Bathurst St Unit 204, Toronto, ON M5R 3M8, Canada"
Shivaga Thai Massage,user@domain.com,"327 Spadina Ave. #202, Toronto, ON M5T 2E9, Canada"
Massage Addict Toronto The Annex,theannex@massageaddict.ca,"773 Bathurst St, Toronto, ON M5S 0B7, Canada"
From the Neck Up,info@fromtheneckupmassage.com,"592 Danforth Ave 2nd floor, Toronto, ON M4K 1R1, Canada"
MY TREATMENT SPACE,info@mytreatmentspace.com,"39 Niagara St, Toronto, ON M5V 0T6, Canada"
Mind Body Flow Yorkville - Registered Massage Therapy,user@domain.com,"1200 Bay St. #605, Toronto, ON M5R 2A5, Canada"
Atinama Massage & Wellness Clinic,atinamatoronto@gmail.com,"174 Spadina Ave. Unit 103, Toronto, ON M5V 2A6, Canada"
HealFlow Elevated Wellness,reservations@healflow.ca,"49 St Clair Ave W unit 102, Toronto, ON M4V 3A5, Canada"
City Wellness,hello@citywellness.com,"1230 Queen St W, Toronto, ON M6J 0B4, Canada"
Harmony Massage and Wellness,user@domain.com,"350 Queen St W Floor 2, Toronto, ON M5V 2A2, Canada"
The Calm on Dundas,info@thecalmondundas.com,"3148 Dundas St W, Toronto, ON M6P 2A1, Canada"
Excelsior Integrative Massage Therapy and Wellness,chantalmilotrmt@gmail.com,"2409 Yonge St Unit 304, Toronto, ON M4P 2E7, Canada"
Touch Massage Bar,uptown@touchmassagebar.com,"451 King St W Suite 102, Toronto, ON M5V 1K4, Canada"
Sutherland-Chan Massage Therapy Clinic Bay and College,wch@sc-clinic.com,"76 Grenville Street unit 7 Bay and, College St, Toronto, ON M5S 1B2, Canada"
"Matthew Chu, RMT",605a7baede844d278b89dc95ae0a9123@sentry-next.wixpress.com,"92 D'Arcy St Unit#2, Toronto, ON M5T 1K1, Canada"
Nova Massage and Movement,natalija@novamassageco.com,"Inside Zentai Wellness Centre, 120 Carlton St. #302, Toronto, ON M5A 4K2, Canada"
New Body Toronto | Post-Op & Massage Therapy Clinic + Mobile Services,info@newbodytoronto.com,"151 Mill St, Toronto, ON M5A 4T8, Canada"
Zento Health Centre,support@nailgenius.app,"425 University Ave Suite 202, Toronto, ON M5G 1T6, Canada"
Cabbagetown Massage Therapy,info@cabbagetownmassagetherapy.com,"252A Carlton St. Suite 200, Toronto, ON M5A 2L1, Canada"
FORTE Massage Therapy,corey@fortemassage.ca,"555 Bloor St W Suite 5, Toronto, ON M5S 1Y6, Canada"
Sutherland-Chan Massage Therapy Clinic Yonge & Wellesley,yongewellesley@sc-clinic.com,"15 Wellesley St W Unit 220, Toronto, ON M4Y 1G1, Canada"
Seraphic Massage Therapy,martharoquermt@hotmail.com,"1209 College St, Toronto, ON M6H 1C1, Canada"
Northern Therapy SRT Inc,605a7baede844d278b89dc95ae0a9123@sentry-next.wixpress.com,"1370 Dundas St E unit 301, Mississauga, ON L4Y 4G4, Canada"
Massage Addict Mississauga Meadowvale,meadowvale@massageaddict.ca,"3055 Argentia Rd Unit B3, Mississauga, ON L5N 8E1, Canada"
MyThai Thai massage mississauga,mythaithaimassage@gmail.com,"in REMAX BUILDING, 4310 Sherwoodtowne Blvd Floor 3, Suit 306, Mississauga, ON L4Z 4C4, Canada"
Vital Wellness Centre,info@vitalwellnesscentre.com,"1550 S Gateway Rd Unit 123, Mississauga, ON L4W 5G6, Canada"
Sugaring & Massage Spalon - Mississauga,info@snmspalon.com,"3038 Duplicate Hurontario St, Mississauga, ON L5B 3B9, Canada"
Treatments Wellness Centre,info@massagetherapy.on.ca,"120 Traders Blvd E Unit. #117, Mississauga, ON L4Z 2J1, Canada"
Massage Addict Mississauga Erin Mills,erinmills@massageaddict.ca,"2901 Eglinton Ave W, Mississauga, ON L5M 6J3, Canada"
Serenity Massage And Wellness,serenitymassage@bellnet.ca,"1965 Britannia Rd W Suite #203, Mississauga, ON L5M 4Y4, Canada"
Mississauga Massages,icons@2x.png,"3105 Unity Dr Unit 16, Mississauga, ON L5L 4L3, Canada"
Health In Hands,healthinhandswellness@gmail.com,"7145 W Credit Ave 101 Building 1, Mississauga, ON L5N 6J7, Canada"
Lu Dream SPA 路梦养生馆 - Mississauga,ludreamheadspa@gmail.com,"3466 Mavis Rd Unit 8, Mississauga, ON L5C 1T8, Canada"
"Ashley Killen, RMT",ashleykillenrmt@gmail.com,"4635 Wainscot Dr, Mississauga, ON L5V 1C3, Canada"
Ana Vera Holistic Med,hello@holisticmedgroup.ca,"1525 Cornwall Rd #15, Oakville, ON L6H 7C2, Canada"
7 Stars Body & Feet Therapy,info@7starstcm.com,"35 King St E Unit 18, Mississauga, ON L5A 4E2, Canada"
La Casa de Contour,impallari@gmail.com,"50 Elm Dr E, Mississauga, ON L5A 3X2, Canada"
Hand & Stone Massage and Facial Spa - Mississauga Dixie,dixie@handandstone.ca,"1476 Dundas St E Units 9, Mississauga, ON L4X 1L4, Canada"
Royal Touch Medi Spa,inquiry@rtmspa.com,"719 Central Pkwy W #203, Mississauga, ON L5B 4L1, Canada"
Hand & Stone Massage and Facial Spa - Mississauga Port Credit,portcredit@handandstone.ca,"228 Lakeshore Rd W, Mississauga, ON L5H 1G6, Canada"
By The Lake Massage Therapy & Wellness Centre Inc.,erin@wordpress-469888-1473866.cloudwaysapps.com,"110 Lakeshore Rd E, Mississauga, ON L5G 1E3, Canada"
Mendsoma Therapies,icons@2x.png,"1100 Dundas St W Unit # 11, Mississauga, ON L5C 4E7, Canada"
Massage Addict Mississauga Mavis and Matheson,mississaugamavis@massageaddict.ca,"5700 Mavis Rd Unit 7, Mississauga, ON L5V 2N6, Canada"
Leaders in care,aramco.care@email.com,"3465 Semenyk Ct Unit 102, Mississauga, ON L5C 4P9, Canada"
Next Level Therapy,user@domain.com,"1200 Vanier Dr Unit #1, Mississauga, ON L5H 4C7, Canada"
Five Senses Spa & Wellness Centre,fivesensesdayspa@gmail.com,"125 Chrysler Dr #8, Brampton, ON L6S 6L1, Canada"
Armstrong Massage & Wellness Brampton,info@armstrongmassagewellness.ca,"134 Queen St E #200, Brampton, ON L6V 1B2, Canada"
In2itive Touch & Wellness,info@in2itivetouch.ca,"197 County Ct Blvd Suite #302, Brampton, ON L6W 4P6, Canada"
Massagical Care - Mannu's RMT Massage & Beauty Spa - Ladies Only,info@massagicalcare.ca,"53 Trumpet Valley Blvd, Brampton, ON L7A 3P7, Canada"
Office Massage,info@office-massage.ca,"Unit 214, 338 Queen St E, Brampton, ON L6V 1C4, Canada"
Beyond Body Massage Therapy Centre,info@beyondbodymassage.ca,"60 Queen St E #206, Brampton, ON L6V 1A9, Canada"
Knot Just Hands RMT,knotjusthandsrmt@gmail.com,"60 Queen St E, Brampton, ON L6S 4C9, Canada"
Pure Flow Massage and Laser Hair Removal Studio,julianarmt@pureflowmassage.ca,"114 Marycroft Ct, Brampton, ON L7A 2G4, Canada"
Conestoga Massage Therapy Clinic,info@conestogamassagetherapy.com,"1C Conestoga Dr Suite #102, Brampton, ON L6Z 4N5, Canada"
Cure Physio & Wellness,info@cm.curemassage.ca,"239 Queen St E Suite 21, Brampton, ON L6W 2B6, Canada"
Mash Care Massage (Registered Massage Therapist),mashcare.massage@gmail.com,"70 Donald Stewart Rd, Brampton, ON L7A 5J5, Canada"
Divine Spa,info@divinespa.ca,"55 Dusk Dr #1, Brampton, ON L6Y 5Z6, Canada"
Hand & Stone Massage and Facial Spa - Trinity Common,trinitycommon@handandstone.ca,"210 Great Lakes Dr Unit 2, Brampton, ON L6R 2K7, Canada"
Harmony Rehab,Yogaclasswellness@mail.com,"83 Kennedy Rd S Unit #12, Brampton, ON L6W 3P3, Canada"
Cure Therapeutics Clinic,cure.therapeutics.brampton@gmail.com,"16 Peak Dr, Brampton, ON L6X 0J8, Canada"
"Essential Therapeutic Care - Crystal McCoy, RMT",crystal@massagebrampton.com,"*AREA OF*, 227 Vodden St E, Brampton, ON L6V 2H6, Canada"
Wellness Guroo Inc,eben@eyebytes.com,"36 White Tail Crescent, Brampton, ON L6Y 5C2, Canada"
Sunstone RMT,SunstoneRMT@gmail.com,"21 Roysun Rd Unit 9, Woodbridge, ON L4L 8R3, Canada"
Heart & Soul Massage Therapy and Healing Arts Centre,heartsoullogo@2x.png,"2168 Major MacKenzie Dr W, Vaughan, ON L6A 1R7, Canada"
Massage Addict Woodbridge Highway 27 and Langstaff,woodbridge@massageaddict.ca,"8565 Hwy 27 Unit 10, Woodbridge, ON L4H 4Y1, Canada"
Vaughan Head and Neck Therapies,vaughanheadandnecktherapies@gmail.com,"160 Cidermill Ave Unit 10, Vaughan, ON L4K 4K5, Canada"
Alternative Healing Massage Therapy and Rehab Clinic Vaughan,info@indiantypefoundry.com,"8611 Weston Rd #13, Woodbridge, ON L4L 9P1, Canada"
Tsingtao Wellness Spa (Vaughan),info_markham@tsingtaospa.com,"1101 Rutherford Rd Unit 3, Thornhill, ON L4J 0E2, Canada"
Nu Life Wellness,appointments@nulifewellness.ca,"3600 Langstaff Rd #10, Vaughan, ON L4L 9E7, Canada"
Snej Therapy Wellness Spa,moldovamedispa@yahoo.com,"207 Edgeley Blvd Unit 9, Concord, ON L4K 4B5, Canada"
Alpha & Omega Healing Massage Therapy,alphaomegahealing@gmail.com,"Unit 401, 3800 Steeles Ave W, Vaughan, ON L4L 4G9, Canada"
Woodbridge Massage Therapy by Fiona Testa,fionatrmt@gmail.com,"65 Firefly Crescent, Woodbridge, ON L4L 7W1, Canada"
Yonge & Wellness - Massage Therapy and Health Studio,info@yongeandwellness.com,"9730 Dufferin St, Maple, ON L6A 4L6, Canada"
TR• Beauty Spa Vaughan,info@spa.trspagroup.com,"7777 Weston Rd Units 205-206, Vaughan, ON L4L 0G8, Canada"
Back2Balance,user@domain.com,"927 Brunette Ave #101, Coquitlam, BC V3K 1C8, Canada"
Hand & Stone Massage and Facial Spa - Woodbridge,woodbridgenorth@handandstone.ca,"3621 Major MacKenzie Dr W, Woodbridge, ON L4H 2Y8, Canada"
Hand & Stone Massage and Facial Spa - Vaughan West,vaughanwest@handandstone.ca,"8280 Hwy 27 Unit 17, Woodbridge, ON L4H 0R9, Canada"
TruBliss Wellness & Beauty Spa,info@trubliss.ca,"27 Roytec Rd Unit 1A, Woodbridge, ON L4L 8E3, Canada"
Starlight Med Spa - Vaughan's #1 Beauty Clinic,605a7baede844d278b89dc95ae0a9123@sentry-next.wixpress.com,"9100 Jane St Unit 73, Concord, ON L4K 0A4, Canada"
Bayview Sheppard RMT,info@bayviewsheppardrmt.com,"321 Sheppard Ave E, North York, ON M2N 3B3, Canada"
Sanctuary Day Spas Vaughan,sanctuary-logo-white@2x.png,"2701 Rutherford Rd B6, Vaughan, ON L4K 2N6, Canada"
Vaughan Spa Massage,info@vaughanspa.com,"566 Rivermede Rd #1, Concord, ON L4K 3M5, Canada"
Lansdowne Massage Therapy Clinic,LansdowneMassageTherapy@gmail.com,"1194 Lansdowne Dr #205, Coquitlam, BC V3E 1J7, Canada"
Theta Touch Wellness,605a7baede844d278b89dc95ae0a9123@sentry-next.wixpress.com,"2264 Elgin Ave #217, Port Coquitlam, BC V3C 2B2, Canada"
Ottawa Registered Massage,ottawa.rmt@gmail.com,"270 Ottawa St N, Hamilton, ON L8H 3Z9, Canada"
The Get Good,user@domain.com,"201 James St S, Hamilton, ON L8P 3A8, Canada"
SHIFT Massage and Wellness,shiftmassageandwellness@gmail.com,"6 Webber Ave, Hamilton, ON L8N 1W3, Canada"
East Mountain Massage E 43rd,info@eastmountainmassage.com,"136 E 43rd St, Hamilton, ON L8T 3B9, Canada"
RMT - LuBlanc Mobile Massage Therapy,lublanc.massage@gmail.com,"10 Strathcona Ave S, Hamilton, ON L8P 4H9, Canada"
Revive Health and Wellness (The Wellness Collective),info@revive-health.ca,"318 Dundurn St S Unit 6, Hamilton, ON L8P 4L6, Canada"
"Maria Murchie, Registered Massage Therapist",m_murchie@hotmail.com,"368 Main St W, Hamilton, ON L8P 1K2, Canada"
Turnbull Massage Therapy,todd.turnbull@hotmail.com,"7 Homewood Ave, Hamilton, ON L8P 2M1, Canada"
Amanda Marrama RMT,amandamarrama.rmt@gmail.com,"E 18th St, Hamilton, ON L9A 4N7, Canada"
Mountain Massage Therapy,mountainmassagetherapy682@gmail.com,"682 Upper James St, Hamilton, ON L9C 2Z6, Canada"
BodynSol Healing,0a2411dd501e4441a1f4a27ebdb0b309@o4505290921410560.ingest.sentry.io,"943 Garth St, Hamilton, ON L9C 4L3, Canada"
East Mountain Massage Brucedale,info@eastmountainmassage.com,"304 Brucedale Ave E, Hamilton, ON L9A 1R1, Canada"
Keystone Massage Therapy Centre,keystonemassageclinic@gmail.com,"17 Paradise Rd S unit a, Hamilton, ON L8S 1S1, Canada"
Diana Llynne Massage Therapy,info@redbrickmassagewellness.com,"468 Cumberland Ave Unit B7, Hamilton, ON L8M 3M5, Canada"
Nala The RMT,nalathermt@gmail.com,"368 Main St W, Hamilton, ON L8P 1K2, Canada"
Six-star massage head & Spa,chenowith52@gmail.com,"546 Main St E, Hamilton, ON L8M 1J1, Canada"
Jen Fleming RMT,jennifer@jenflemingrmt.com,"201 James St S, Hamilton, ON L8P 3A8, Canada"
Unravel,unravel_massage@hotmail.com,"31 Lorenzo Ct, Hamilton, ON L9A 5J4, Canada"
Lindsay Shepstone Registered Massage Therapist,info@lindsayshepstonermt.ca,"21 Reno Ave, Hamilton, ON L8T 2S5, Canada"
RMT Zoe,paintedbrickwellness@gmail.com,"118 Jackson St E unit 2, Hamilton, ON L8N 1L3, Canada"
Amanda Reid RMT,user@domain.com,"195 James St N #211, Hamilton, ON L8R 2L2, Canada"
"Iveta Morin, Registered Massage Therapist",ivetamorin@yahoo.ca,"801 Dunn Ave, Hamilton, ON L8H 6N3, Canada"
Sycamore Grove,olivia@sycamoregrovestudio.com,"195 James St N Unit 312, Hamilton, ON L8R 2L2, Canada"
Healing Salt Cave Hamilton,hamiltonlocation@healingsaltcave.com,"25 Redmond Dr #2, Hamilton, ON L8W 3K7, Canada"
Restorative Mobility & Massage,restorativemobility@gmail.com,"534 Concession St Unit 2, Hamilton, ON L8V 1A6, Canada"
Joytherapy,Andidrmt@gmail.com,"86 Magill St, Hamilton, ON L8R 2Y5, Canada"
Knead To Balance,shawna@kneadtobalance.com,"21 Mountain Park Ave, Hamilton, ON L9A 1A1, Canada"
Inertia Performance and Wellness,edao.rmt@protonmail.com,"118 Jackson St E suite 201, Hamilton, ON L8N 1L3, Canada"
Sarah Morgan RMT,sarahmorganrmt@gmail.com,"419 Franklin Rd, Hamilton, ON L8V 2A1, Canada"
Kristen Pawlick - Registered Massage Therapy,kpawlicktherapy@gmail.com,"217 Main St W, Hamilton, ON L8P 1J4, Canada"
LP Therapy,info.lptherapy@gmail.com,"848 Fennell Ave E, Hamilton, ON L8V 1W1, Canada"
ProCare Osteopathic Centre,user@domain.com,"66 Hearst Way #3B, Kanata, ON K2L 2P4, Canada"
Osteopathy For Wellness,info@osteopathyforwellness.com,"492 Locust St Unit 1, Burlington, ON L7S 1V2, Canada"
Mend Osteopathy,owen.murray1111@gmail.com,"Coach House, 370 Queens Ave, London, ON N6B 1X6, Canada"
London Health Osteopathy,info@londonhealthosteopathy.com,"151 Pine Valley Blvd #5, London, ON N6K 3T6, Canada"
Ontario Association of Osteopathic Manual Practitioners,admin@osteopathyontario.org,"20 Carlton St. #123, Toronto, ON M5B 2H5, Canada"
Markham Osteopathy,admin@markhamosteopathy.com,"6060 Hwy 7, Markham, ON L3P 3A9, Canada"
Manual Motion Osteopathy,user@domain.com,"420 Bronte St. S Unit 105B, Milton, ON L9T 0H9, Canada"
OsteoAlign,%20admin@osteoalign.com,"130 Industrial Pkwy N, Aurora, ON L4G 4C3, Canada"
VasoHealth Osteopathy,helenahosteopathy@gmail.com,"341 Talbot St suite 121, London, ON N6A 2R5, Canada"
Oil Springs Osteopathy South,0a2411dd501e4441a1f4a27ebdb0b309@o4505290921410560.ingest.sentry.io,"29575 St George St, Dresden, ON N0P 1M0, Canada"
Collingwood Osteopathy,collingwoodosteopathy@gmail.com,"124 Ontario St, Collingwood, ON L9Y 1M3, Canada"
ACE Osteopathy,info@ndiscovered.com,"727 King St E, Cambridge, ON N3H 3N8, Canada"
Southern Ontario College of Osteopathy (SOCO),info@clinicalosteopathy.com,"1020 Johnsons Ln, Mississauga, ON L5J 2P7, Canada"
Andres Landoni Osteopathy Burlington,qualityosteopathy@gmail.com,"3455 Harvester Rd Suite #17, Burlington, ON L7N 3P2, Canada"
Bayside Osteopathic,info@baysideosteo.com,"Front Door Entrance, Rear Building Parking, 382 King St, Midland, ON L4R 3M9, Canada"
inLIGN Osteopathy & Wellness,info@inlignosteopathy.ca,"265 King George Rd Suite 106, Brantford, ON N3R 6Y1, Canada"
On Track Osteopathy,scott.osteopathy@gmail.com,"79 Montclair Dr, Woodstock, ON N4V 1C5, Canada"
FORM Osteopathy,0a2411dd501e4441a1f4a27ebdb0b309@o4505290921410560.ingest.sentry.io,"287 Huron St, Stratford, ON N5A 5T3, Canada"
Milton Osteopathy & Wellness,hello@miltonosteopathy.ca,"400 Bronte St. S Suite 215, Milton, ON L9T 0H7, Canada"
Move Free Osteopathy,info@movefreeosteopathy.ca,"111 Norfolk St, Guelph, ON N1H 4J7, Canada"
Osteopathy First Clinic Burlington,605a7baede844d278b89dc95ae0a9123@sentry-next.wixpress.com,"666 Appleby Line, Burlington, ON L7L 5Y3, Canada"
Arise Wellness & Osteopathy,hello@arisewellness.ca,"526 Frederick St, Kitchener, ON N2B 3R1, Canada"
Hamilton Osteopathic & Rehabilitation Centre,admin@hamiltonosteopathic.ca,"263 Mohawk Rd W, Hamilton, ON L9C 1W2, Canada"
Adam Ross Osteopathy,aross.osteo@gmail.com,"333 Mary St, Orillia, ON L3V 3E9, Canada"
Forest City Osteopathy,user@domain.com,"60 Breckenridge Crescent, London, ON N6E 1H7, Canada"
Niagara Osteopathy,NiagaraOsteo@gmail.com,"12001 King Rd, Niagara Falls, ON L2H 2J1, Canada"
Motion to Mend Osteopathy,605a7baede844d278b89dc95ae0a9123@sentry-next.wixpress.com,"33 King William St Suite 204, Huntsville, ON P1H 2L4, Canada"
Kross Osteopathy,krossosteopathy@gmail.com,"10 Roden Pl Suite #7, Toronto, ON M5R 1P9, Canada"
Paramount Osteopathy,paramountosteopathy@gmail.com,"3 Lakeshore Rd, St. Catharines, ON L2N 2S7, Canada"
Balanced Life Osteopathy - Ottawa,info@ottawamanualosteopath.com,"50 Florence St, Ottawa, ON K2P 0W7, Canada"
SMT Classical Osteopathy Inc.,info@smtosteopath.com,"311 Church St, Stratford, ON N5A 2R9, Canada"
Niagara Osteopathic Clinic,605a7baede844d278b89dc95ae0a9123@sentry-next.wixpress.com,"200 RR 20 #1, 200 Hwy 20 E, Fonthill, ON L0S 1E6, Canada"
My Toronto Osteopath,info@mytorontoosteopath.ca,"385 The West Mall Unit 3, Etobicoke, ON M9C 1E7, Canada"
Orangeville Osteopathic Clinic,orangevilleosteo@gmail.com,"106 Broadway, Orangeville, ON L9W 1J9, Canada"
Mindful Body Osteopathy,mindfulbodyosteopathy@gmail.com,"381 Cedar St, Simcoe, ON N3Y 2J2, Canada"
As Above So Below Osteopathy,asabovesobelowosteopathy@gmail.com,"141 Lake St, St. Catharines, ON L2R 5Y4, Canada"
Still Dynamics Classical Osteopathy Brantford,BRANTFORD@STILLDYNAMICS.CA,"88 Balfour St, Brantford, ON N3T 1J7, Canada"
Women's Osteopathy Clinic - Diane Swiderski,dianeswiderski@gmail.com,"215 Suffolk St W, Guelph, ON N1H 2K1, Canada"
Osteopathy Kitchener,osteopathykitchener@gmail.com,"325 Max Becker Dr Unit 112, Kitchener, ON N2E 4H5, Canada"
Melina Dimitra Osteopathy,osteomelina@gmail.com,"112 Russell St N, Sarnia, ON N7T 3Z3, Canada"
Caroline Kupka Osteopathy,caroline.m.kupka@hotmail.com,"350 Ontario St Unit 9, St. Catharines, ON L2R 5L8, Canada"
Jason Brandow Osteopathy,impallari@gmail.com,"1168 S Lane Rd, Greater Sudbury, ON P3G 1N6, Canada"
Spencer Jean & Associates | Osteopathic & Allied Health Professionals,logo-normal-48h@2x-1.webp,"11811 Tecumseh Rd E, Tecumseh, ON N8N 4M7, Canada"
Sudbury Osteopathy Alternative & Holistic Health Service Inc.,sudburyosteopathy@gmail.com,"845 Regent St unit 106, Greater Sudbury, ON P3E 4T3, Canada"
"Goodwill Healing - Osteopathy, Massage Therapy & Counselling",info@goodwillhealing.com,"747 Hyde Park Rd #111, London, ON N6H 5W9, Canada"
Peterborough Osteopathy,peterboroughosteopathy@gmail.com,"1054 Monaghan Rd LL04, Peterborough, ON K9J 5L3, Canada"
Balanced Motion Osteopathy,Caleb@balancedmotionosteo.com,"525 Park Rd N #104, Brantford, ON N3R 7K8, Canada"
Northern Ontario Osteopathy,northern.ontario.osteopathy@gmail.com,"905 Victoria Ave E Unit 5, Thunder Bay, ON P7C 1B3, Canada"
Simon Fraser M.O.MSc - Osteopathy,605a7baede844d278b89dc95ae0a9123@sentry-next.wixpress.com,"1191 Lansing Ave #5, Greater Sudbury, ON P3A 4C4, Canada"
Osteopathic Balance,info@osteopathicbalance.ca,"52 St Clair Ave E, Toronto, ON M4T 1M9, Canada"
Osteopathy in Toronto - Metliss Clinic,info@osteopathyintoronto.com,"181 Eglinton Avenue Suite 200, Toronto, ON M4P 1J4, Canada"
Toronto Osteopathy & Wellness,info@osteowellto.com,"335 Sheppard Ave E, North York, ON M2N 3B3, Canada"
Soma Osteopathy,info@somaosteopathy.com,"621 Sheppard Ave E Suite 203, Toronto, ON M2K 0G4, Canada"
Napier Osteopathy,user@domain.com,"15 Atlantic Ave, Toronto, ON M6K 3E7, Canada"
Aligned Osteopathy,alignedosteopathy@gmail.com,"5650 Yonge St, Toronto, ON M2M 4H5, Canada"
Beachealth,admin@beachealth.com,"350 Beech Ave, Toronto, ON M4E 3T8, Canada"
Body & Mind Osteopathic Clinic,info@bodyandmind.clinic,"280 Sheppard Ave E unit # 208, North York, ON M2N 3B1, Canada"
Courtney Wood Osteopathy,cwosteopath@gmail.com,"2560 Gerrard St E #204, Scarborough, ON M1N 1W9, Canada"
OsteopathyNearMe,osteopathynearme@gmail.com,"4984 Dundas St W, Etobicoke, ON M9A 1B7, Canada"
Trisha Sevilla Osteopathy,user@domain.com,"inside Anytime Fitness, 100 Broadview Ave Unit 100, Toronto, ON M4M 3H3, Canada"
"Alok Kumar, Manual Osteopath",info@achesawaytoronto.ca,"2 Carlton St., Toronto, ON M4Y 1X4, Canada"
LiveWell Health And Wellness,logo@2x.png,"1033 Bay St. suite 316, Toronto, ON M5S 3A5, Canada"
Light Body Therapy Osteopath,lightbodytherapymassage@gmail.com,"505 Cummer Ave #607, Willowdale, ON M2K 2L8, Canada"
Mary Beth Osteo / Osteopathic Manual Therapy,605a7baede844d278b89dc95ae0a9123@sentry-next.wixpress.com,"100 Granby St Main Floor, Toronto, ON M4Y 1Z5, Canada"
Exhale Osteopathy,user@domain.com,"15 Atlantic Ave 2nd Floor, Toronto, ON M6K 3E7, Canada"
Roncesvalles Osteopathy & Wellness,info@roncyosteo.com,"92 Roncesvalles Ave, Toronto, ON M6R 2K8, Canada"
The Spinal Joint Classical Osteopathy,philip@thespinaljoint.ca,"174 Spadina Ave. Suite 408, Toronto, ON M5V 2A6, Canada"
Broad View Health Osteopathy,info@broadviewhealth.ca,"401 Wellesley St E, Toronto, ON M4X 1H5, Canada"
MR Osteopathy & Massage,menashe.r@outlook.com,"20 N Park Rd, Vaughan, ON L4J 0G7, Canada"
Say Word Osteopathy,sarah@saywordosteopathy.ca,"269 Richmond St W Unit #100, Toronto, ON M5V 1X1, Canada"
Back To Health Osteopathy and Wellness,info@b2hclinic.ca,"9994 Keele St unit#200, Maple, ON L6A 5A8, Canada"
Inner Peace Osteopathy,innerpeaceosteopathy@gmail.com,"CF Galleria Offices, 220 Yonge St #218a, Toronto, ON M5B 2H1, Canada"
Kai Riecken Osteopathy,admin@kairiecken.com,"Rosedale Osteopathy and Wellness, 600 Sherbourne St Suite 408, Toronto, ON M4X 1W4, Canada"
Osteopathy Corner Inc.,info@OsteopathyCorner.com,"7163 Yonge St UNIT 271, Thornhill, ON L3T 0C6, Canada"
Annex Osteopathy,matvey@AnnexOsteopathy.com,"691 Bloor St W #201, Toronto, ON M6G 1L3, Canada"
Marinella Nesso Osteopathy & Yoga Therapy,email@example.com,"344 Bloor St W #610, Toronto, ON M5S 1W9, Canada"
"Meagan Gartlan, Osteopathy",osteomeagan@gmail.co,"555 Bloor St W, Toronto, ON M5S 1Y6, Canada"
Halo Healing - Osteopathic Care,info@halohealing.ca,"Inside SUKHA YOGA Thornhill, 55 Glen Cameron Rd, Thornhill, ON L3T 5W2, Canada"
TMJ Osteopathy & Concussion Care Yonge and Eglinton,hello@tmjosteopathy.com,"2221 Yonge St, Toronto, ON M4S 0B8, Canada"
Integrated Bodywork - Osteopathy and Massage Therapy,info@ibodywork.ca,"55 Eglinton Ave E Suite 700, Old Toronto, ON M4P 1G8, Canada"
Dear Osteopathy,user@domain.com,"181 Carlaw Ave #216, Toronto, ON M4M 2T9, Canada"
Olsi Hasko Osteopathy and Massage Therapy,ohasko@infinityhealthcentre.com,"39 Lower Simcoe St, Toronto, ON M5V 3M9, Canada"
Marine Burkhardt-Osteopath at Thrive Natural Family Health,info@thrivehealth.ca,"Suite 502, 110 Eglinton Ave E, Toronto, ON M4P 2Y1, Canada"
Balance Osteopathy,adakate@gmail.com,"55 Regent Park Blvd, Toronto, ON M5A 0C2, Canada"
The National Academy of Osteopathy,info@nationalacademyofosteopathy.com,"375 Canarctic Dr unit 21, Toronto, ON M3J 2P9, Canada"
"Secant Osteopathy & Wellness, East York office",info@secantosteopathy.com,"1450 O'Connor Drive, 105B2 Building 2, Toronto, ON M4G 4G4, Canada"
HEALWELL Osteopathy & Wellness,claire@osteopathyhealwell.ca,"83A McCaul St, Toronto, ON M5T 2W7, Canada"
Original Health and Wellness,user@domain.com,"38 Howard Park Ave R4, Toronto, ON M6R 0A7, Canada"
Sandy Antunes @ Inspired Wellness,info@mikaela.com,"Inspired Wellness, 822 Richmond St W #102, Toronto, ON M5R 1V9, Canada"
Osteo Massages,myosteomassage@gmail.com,"111 Peter St 7 floor unit 700, Toronto, ON M5V 2H2, Canada"
The Well of Alternative Medicine,contact@thewellofam.com,"1344 Queen St W, Toronto, ON M6K 1L4, Canada"
Yeoh Osteo,Yeohosteo@gmail.com,"1200 Bay St., Toronto, ON M4W 1J2, Canada"
Christie Integrated Health Center,kevin.janna@gmail.com,"691 Bloor St W #201, Toronto, ON M6G 1L3, Canada"
Heal with Chelsea: Manual Osteopathic Therapy | Registered Massage Therapy,hello@healwithchelsea.com,"600 Sherbourne St 6th floor, suite 606, Toronto, ON M4X 1W4, Canada"
Julien Rives Osteopathy,julien.rives21@gmail.com,"2 College St Suite #101, Toronto, ON M5G 1K2, Canada"
Mississauga Osteopathic Clinic,Seansnary.domp@gmail.com,"*located inside wynn fitness*, 6750 Mississauga Rd, Mississauga, ON L5N 2L3, Canada"
Osteopathy Clinic Mississauga,hello@hl3.ca,"250 Dundas St W Unit 405, Mississauga, ON L5B 1J2, Canada"
Mississauga Osteopathy,mississaugaosteopathy@gmail.com,"3635 Fortune Pl, Mississauga, ON L5M 7N6, Canada"
OsteoMed Clinic,contact@osteomedclinic.com,"3045 Southcreek Rd #19, Mississauga, ON L4X 2V7, Canada"
Healthier Living,hello@hl3.ca,"250 Dundas St W Unit 405, Mississauga, ON L5B 1J2, Canada"
Body Kinetix Osteopathy & Wellness - Body Kinetix Health & Wellness,info@bodykinetix.ca,"1482 Dundas St E #14, Mississauga, ON L4X 1L4, Canada"
Clarkson Medical Arts Centre,info@clarksonmedicalarts.com,"1020 Johnsons Ln a6, Mississauga, ON L5J 2P7, Canada"
JD Osteopathy,hello@jdosteopathy.com,"5025 Orbitor Dr Building 1, Suite 101, Mississauga, ON L4W 4Y5, Canada"
The Lab - Movement & Sports Medicine,info@thelabsportsmed.ca,"4181 Sladeview Crescent #49, Mississauga, ON L5L 5R2, Canada"
Muscle and Joint Clinic,user@domain.com,"5980 Churchill Meadows Blvd #4, Mississauga, ON L5M 7M5, Canada"
St. Joseph's Osteopathy Clinic,info@osteo-stjoe.com,"2000 Credit Valley Rd Unit # 101A, Mississauga, ON L5M 4N4, Canada"
INTUNE OSTEOPATHY,intune.osteopathy@gmail.com,"4275 Village Centre Ct, Mississauga, ON L4Z 1V3, Canada"
Osteopathic Perks,osteopathicperks@outlook.com,"745 Willowbank Trail, Mississauga, ON L4W 3L7, Canada"
Dynamic Di Votion Classical Osteopathy,dynamicdivotion@gmail.com,"3802 Trelawny Cir, Mississauga, ON L5N 5J4, Canada"
Pura Vida Family Health Centre,bookings@puravidahealth.ca,"17-360 Revus Ave, Mississauga, ON L5G 4S4, Canada"
Rebound Health and Wellness,hello@reboundwellness.ca,"6875 Meadowvale Town Centre Cir, Mississauga, ON L5N 2W7, Canada"
Activemotion Rehab Inc,info@ActivemotionRehab.ca,"2171 Dunwin Dr Unit 3, Mississauga, ON L5L 1X2, Canada"
Origin of Health Osteopathy Ltd.,mel.g.alves@gmail.com,"2010 Winston Park Dr, Oakville, ON L6H 6P5, Canada"
Fasciacare Osteopathy Clinic,fasciacare@gmail.com,"6700 Montevideo Rd unit #5, Mississauga, ON L5N 1V1, Canada"
Aurika Wellness,aurikawellness@gmail.com,"2180 Credit Valley Rd #105, Mississauga, ON L5M 3C9, Canada"
Open Palm Osteo,rchang@openpalmosteo.com,"961 Queensbridge Dr, Mississauga, ON L5C 3M8, Canada"
Functional Body Institute Clarkson,info@indiantypefoundry.com,"1728 Lakeshore Rd W, Mississauga, ON L5J 1J5, Canada"
The Prime Motion,info@theprimemotion.ca,"**Inside Free Bird Gym**, 1331 Crestlawn Dr, Mississauga, ON L4W 2P9, Canada"
The Amatsu Way,605a7baede844d278b89dc95ae0a9123@sentry-next.wixpress.com,"2601 Matheson Blvd E Unit 210, Mississauga, ON L4W 5A8, Canada"
MedCAiRE Health iV Therapy Iron Infusion | Sports Therapy PRP nSTRIDE,Filipe@MedCAiRE.ca,"405 Britannia Rd E #115, Mississauga, ON L4Z 3E6, Canada"
Peak Form Physio + Wellness,info@peakformphysio.com,"515 Lakeshore Rd E Unit 111, Mississauga, ON L5G 1H9, Canada"
OSTEOHEALTH osteopathy clinic inc.,osteohealth.osteopathy@gmail.com,"2250 Bovaird Dr E Unit 112, Brampton, ON L6R 0W3, Canada"
Manual Osteopath,kaushikg4u@gmail.com,"56 Seahorse Ave, Brampton, ON L6V 4N8, Canada"
The Right Path Wellness,Therightpathwellness@gmail.com,"Lorraine Crescent, Brampton, ON L6S 2R6, Canada"
Osteo Care Centre,info@osteocarecenter.ca,"45 Fanshawe Dr, Brampton, ON L6Z 1A7, Canada"
Fix Mi Osteo,contact@sansoxygen.com,"41 Edwin Dr, Brampton, ON L6Y 1A2, Canada"
The Spinal Treatment Clinic,605a7baede844d278b89dc95ae0a9123@sentry-next.wixpress.com,"42 Haverstock Cres, Brampton, ON L7A 4E1, Canada"
Nature's Touch Naturopathic Clinic,info@naturestouchnd.ca,"50 Sunny Meadow Blvd #304, Brampton, ON L6R 0Y7, Canada"
EOE WELLNESS CENTRE,eoewellnesscentre@gmail.com,"1C Conestoga Dr, Brampton, ON L6Z 4N5, Canada"
Align Osteopathy,karolineosteopath@gmail.com,"50 Queen St N, Bolton, ON L7E 1B9, Canada"
Faith Physiotherapy and Wellness,info@faithphysio.ca,"1965 Cottrelle Blvd, Brampton, ON L6P 2Z8, Canada"
Osteorelieve,onkar@osteorelieve.ca,"120 Woodstream Blvd, Vaughan, ON L4L 7Z1, Canada"
Massage and osteopathy wellness,criseldamendoza75@yahoo.com,"7 Blue Iris Trail, Brampton, ON L6R 0K5, Canada"
In GoodHands Wellness,admin@ingoodhandswellness.com,"10 Cottrelle Blvd, Brampton, ON L6S 0E2, Canada"
Sevayu Brampton,sevayu@sevayubrampton.com,"18 Corporation Dr Unit 5, Brampton, ON L6S 6B5, Canada"
Bodies by Diego Fitness,info@bodiesbydiego.ca,"635 Remembrance Rd Unit C101, Brampton, ON L7A 5H2, Canada"
SSHILPPI WELLNESS CLINIC,jonpinhorn.typedesign@gmail.com,"284 Orenda Rd Unit-18, Brampton, ON L6T 4X6, Canada"
Body Senses Physio & Wellness,info@bodysensesphysio.ca,"900 Ray Lawson Blvd Unit 8, Brampton, ON L6Y 5H7, Canada"
Osteohealing at Mamma to Mommy Holistic Care,impallari@gmail.com,"5451 Hwy 7, Woodbridge, ON L4L 0B2, Canada"
AzSURVeda,care@azsure.ca,"80 Maritime Ontario Blvd Unit #42, Brampton, ON L6S 0E7, Canada"
Elevated Health and Wellness,605a7baede844d278b89dc95ae0a9123@sentry-next.wixpress.com,"71 Mountainview Rd N, Georgetown, ON L7G 4J6, Canada"
Osteoklinika,info@osteoklinika.com,"1750 Steeles Ave W #8, Vaughan, ON L4K 2L7, Canada"
OSTEO+,Info@osteo-plus.ca,"10 Disera Dr #200, Thornhill, ON L4J 0A7, Canada"
Body & Mind Osteopathic Clinic,info@bodyandmind.clinic,"92 Arisaig Dr, Maple, ON L6A 1V7, Canada"
101 Osteopathic Pain Management Centre,info@gtahealer.com,"1520 Steeles Ave W, Vaughan, ON L4K 3B9, Canada"
Rebound Therapy,info@reboundtherapy.ca,"9 Shatner Turnabout, Vaughan, ON L4L 0M4, Canada"
Valente Osteopathy,nicholasmendesj@gmail.com,"4220 Steeles Ave W, Woodbridge, ON L4L 3S8, Canada"
Your Balance Osteopathy,s.valente.osteopathy@gmail.com,"9901 Keele St, Maple, ON L6A 3Y5, Canada"
PhysioActive,info@physioactive.ca,"1450 Clark Ave W #22, Thornhill, ON L4J 7R5, Canada"
Teal Osteopathy,0a2411dd501e4441a1f4a27ebdb0b309@o4505290921410560.ingest.sentry.io,"878 Hamilton St, Vancouver, BC V6B 6A2, Canada"
Lana Osteopathy,605a7baede844d278b89dc95ae0a9123@sentry-next.wixpress.com,"Located in Natura Wellness group, 1051 Upper James St suite 203, Hamilton, ON L9C 3A6, Canada"
Aaron Hasler Osteopathy,haslerosteo@gmail.com,"12 Ferguson Ave N, Hamilton, ON L8R 1K9, Canada"
"Fallon Osteopathy | Fallon Stumpo, M.OMSc",info@fallonosteopathy.ca,"1632 Upper James St Unit 201, Hamilton, ON L9B 1K4, Canada"
M. Smith Osteopathy,paintedbrickwellness@gmail.com,"118 Jackson St E, Hamilton, ON L8T 1P4, Canada"
Ease Osteopathy and Health,nboweosteopathy@gmail.com,"327 Ottawa St N, Hamilton, ON L8H 3Z8, Canada"
Natural Axis Osteopathy,605a7baede844d278b89dc95ae0a9123@sentry-next.wixpress.com,"1955 King St E 1 Floor 1, Hamilton, ON L8K 1W2, Canada"
Connected Oneness Osteopathy,alex.osteopathy@gmail.com,"401 Wilson St E, Ancaster, ON L9G 2C4, Canada"
Integration Health + Education (formerly Innova Health Clinic),info@innovahc.ca,"309 Main St W, Hamilton, ON L8P 1J7, Canada"
OsteoHQ,d2renaud@gmail.com,"132 Melvin Ave, Hamilton, ON L8H 2J8, Canada"
ProMotion Osteopathy,promtionosteopathy@gmail.com,"12 Duke St Unit 2B, Hamilton, ON L8P 1X1, Canada"
Sam Milliken Osteopathy,flourishtherapypractices@gmail.com,"468 Cumberland Ave B7, Hamilton, ON L8M 3M5, Canada"
Middle Pillar Classical Osteopathy,middle.pillar.osteo@gmail.com,"42 Hargrove Way, Stoney Creek, ON L8J 0K9, Canada"
Alex Kus Osteopathy,alexkus.osteopathy@gmail.com,"318 Dundurn St S Unit 9, Hamilton, ON L8P 4L6, Canada"
Dundas Valley Osteopathy,myosteo@dundasvalleyosteopathy.ca,"3 Church St, Dundas, ON L9H 2X8, Canada"
"Emily Kukovica, Osteopathic Manual Practitioner",emilyk.osteopathy@gmail.com,"217 Main St W, Hamilton, ON L8P 1J4, Canada"
AW Osteopathy Burlington,awosteopathy@gmail.com,"457 Plains Rd E unit 111, Burlington, ON L7T 0B8, Canada"
Creative Rehab and Osteopathy,chadfleck@creativerehabandosteo.ca,"261 Valridge Dr, Ancaster, ON L9G 4Y6, Canada"
Sticks + Bones • Osteopathy + Well • Being,0a2411dd501e4441a1f4a27ebdb0b309@o4505290921410560.ingest.sentry.io,"105 Beach Rd c/o eFIT Institue, Hamilton, ON L8L 4A1, Canada"
Ali Speziale - Osteopathic Manual Practitioner,aspezialeosteopathy@gmail.com,"Ancaster, ON L9G 4Y2, Canada"
CSG Osteopathy,csg.osteopathy@gmail.com,"150 Chatham St unit 7, Hamilton, ON L8P 2B6, Canada"
OM Integrative Healthcare,Hello@OMhealthcare.ca,"46 King St W Suite 201 Suite 201, Dundas, ON L0R 2H4, Canada"
Mountainview Health and Wellness Clinics,info@mountainviewhealth.ca,"237 E Columbia St #103, New Westminster, BC V3L 3W4, Canada"
Hanover Physiotherapy and Sports Rehabilitation,hanoverpt@gmail.com,"140 7th Ave Suite 2, Hanover, ON N4N 2G9, Canada"
Back in Motion Health - Richmond,clientcare.richmond@backinmotion.com,"6651 Elmbridge Way #140, Richmond, BC V7C 5C2, Canada"
Whitby Physiotherapy & Rehabilitation Centre,general@sparcrehab.com,"701 Rossland rd East unit 209A (Upper level, 701 Rossland Rd E #2, Whitby, ON L1N 9K4, Canada"
Ajax Rehabilitation Centre,general@sparcrehab.com,"235 Bayly St W, Ajax, ON L1S 3K3, Canada"
Oshawa Physiotherapy & Rehabilitation Centre,general@sparcrehab.com,"22 Stevenson Rd S, Oshawa, ON L1J 5L9, Canada"
Bluewater Physiotherapy Clinic,info@bluewaterphysio.com,"145 Saddler St E, Durham, ON N0G 1R0, Canada"
Village Rehab Team - Liberty Village Location,villagerehabteam@gmail.com,"171 E Liberty St Unit 102, Toronto, ON M6K 3P6, Canada"
Motion Fit Rehab and Wellness in Davisville,info@motionfitrehab.com,"1910 Yonge St #101, Toronto, ON M4S 3B2, Canada"
Coquitlam Wellness Centre - CWC Sport Therapy,hello@businessname.com,"1574 Booth Ave, Coquitlam, BC V3K 4Y1, Canada"
The Runner's Academy Toronto,user@domain.com,"918 St Clair Ave W A, York, ON M6C 1C6, Canada"
Toronto Health & Physical Rehabilitation Clinic,%20info@torontohealthclinic.ca,"2780 Hwy 7 #109, Vaughan, ON L4K 3R9, Canada"
Back In Motion Health,clientcare.coquitlam@backinmotion.com,"405 North Rd Suite #202, Coquitlam, BC V3K 3V9, Canada"
Lifemark Physiotherapy Toronto Lawrence Plaza,lawrenceplaza@lifemark.ca,"526 Lawrence Ave W Unit 16A, North York, ON M6A 1A1, Canada"
TCR Physical Therapy & Rehab,info@tcrclinic.com,"474 College St #201, Toronto, ON M6G 1A4, Canada"
KINECT Rehab & Performance,richmond@kinectrehab.ca,"78 Richmond St E Unit 100, Toronto, ON M5C 1P1, Canada"
Church Wellesley Rehabilitation,church.st.rehab@gmail.com,"491 Church St #200, Toronto, ON M4Y 2C6, Canada"
Physiotherapy Active Rehab Clinic,physiotherapyactiverehab@bellnet.ca,"3163 Winston Churchill Blvd, Mississauga, ON L5L 0B5, Canada"
Lifemark Physiotherapy Meadowvale Town Centre,meadowvale@lifemark.ca,"6855 Meadowvale Town Centre Cir, Mississauga, ON L5N 2Y1, Canada"
The Ability Clinic - Rehabilitation,Info@abilityclinic.ca,"755 Queensway E Suite 303, Mississauga, ON L4Y 4C5, Canada"
Natural Touch Rehabilitation Centre,info@naturaltouch.com,"914 Burnhamthorpe Rd W, Mississauga, ON L5C 2S3, Canada"
Right Time Rehab-North Park Branch,righttimerehab@gmail.com,"870 N Park Dr B, Brampton, ON L6S 4N5, Canada"
New Hope Physiotherapy,admin@newhopephysio.com,"170 Sandalwood Pkwy E #1, Brampton, ON L6Z 1Y5, Canada"
Natural Touch Rehabilitation Centre Brampton,info@naturaltouch.com,"312 Queen St E, Brampton, ON L6V 1C2, Canada"
Complete Care Physiotherapy And Rehab Centre,info@completecarecentre.ca,"8015 Financial Dr, Brampton, ON L6Y 0B4, Canada"
Link Physical Therapy - Woodbridge (Dr. Kassam),woodbridge@linkpt.ca,"140 Woodbridge Ave Unit A10U, Woodbridge, ON L4L 4K9, Canada"
Safe Space Rehabilitation Centre,vaughan@safespace.ca,"9505 Keele St unit 1A, Vaughan, ON L6A 1W3, Canada"
Strengthflow Physiotherapy Vaughan,admin@strengthflow.ca,"9000 Weston Rd #9, Woodbridge, ON L4L 1A6, Canada"
Comfort Physiotherapy,info@comfortphysiotherapy.ca,"71 Marycroft Ave Unit 5, Woodbridge, ON L4L 5Y6, Canada"
In-Form Physiotherapy & Rehab Centre,user@domain.com,"8348 Islington Ave., Woodbridge, ON L4L 1W8, Canada"
Made to Move Physiotherapy,anthcubsphysio@gmail.com,"37 Jacob Keffer Pkwy, Vaughan, ON L4K 5N8, Canada"
Hamilton Physical Therapy Services,jcaceres@hamiltonphysicaltherapy.org,"1900 Arena Dr, Hamilton Township, NJ 08610, USA"
"Hamilton Physical Therapy, P.C.",605a7baede844d278b89dc95ae0a9123@sentry-next.wixpress.com,"336 Fairgrounds Rd Ste. B, Hamilton, MT 59840, USA"
Hamilton Physical Therapy Services,jcaceres@hamiltonphysicaltherapy.org,"1140 US-130 #1, Robbinsville Twp, NJ 08691, USA"
Next Level Physical Therapy,joshua@mynextlvl.com,"4609 Nottingham Way, Hamilton Township, NJ 08690, USA"
Hamilton Physical Therapy Services,jcaceres@hamiltonphysicaltherapy.org,"1881 N Olden Ave, Ewing Township, NJ 08638, USA"
Hamilton Hand to Shoulder,Info@HamiltonPTCares.com,"119 W College Ave Suite 205, Salisbury, MD 21804, USA"
Ross Rehabilitation,ross@rossrehab.com,"Lower Level(basement, 875 Main St W Unit 1, Hamilton, ON L8S 4P9, Canada"
Hamilton Physiotherapy,contact@hamilton-physiotherapy.co.uk,"105 Bothwell Rd, Hamilton ML3 0DW, UK"
Hamilton Hand to Shoulder,Info@HamiltonPTCares.com,"11007 Manklin Creek Rd Unit 5, Berlin, MD 21811, USA"
Sport Medicine Clinic,clinic@sportmedicineclinic.com,"Sport Medicine Clinic, TD South Tower, 79 Wellington St W 36th Fl., Suite 2, Toronto, ON M5K 1J5, Canada"
Sports Medicine Centre of Excellence,sportsmedicinecoe@gmail.com,"17665 Leslie St Unit 24, Newmarket, ON L3Y 3E3, Canada"
The Sports Medicine Specialists,smsbrampton@lifemark.ca,"247 McMurchy Ave S, Brampton, ON L6Y 1Z4, Canada"
The Sport Medicine Clinic Ottawa Campus,info@ottawasportmed.com,"801 King Edward Ave, Ottawa, ON K1N 1A2, Canada"
Apple Creek Sports Medicine Centre,applecreek@applecreeksports.com,"445 Apple Creek Blvd Suite 103, Markham, ON L3R 9X7, Canada"
Carleton University Sport Medicine Centre,medinfo@carletonsportsmed.com,"Raven Rd, Ottawa, ON K1S 5R2, Canada"
The Sports Clinic,wpo@sportsclinic.ca,"2650 Bristol Cir Suite 100, Oakville, ON L6H 6Z7, Canada"
Athletic Edge Sports Medicine - Richmond Hill,parvin@aesm.ca,"15 Wertheim Ct Unit 102, Richmond Hill, ON L4B 3H7, Canada"
Orillia Sports Medicine,osmadmin@sportsmedicine.on.ca,"8000 ON-12, Orillia, ON L3V 8B3, Canada"
Orthopaedic Sport Institute,osi@ortho-sport.ca,"Orthopaedic Sport Institute, 500 Ontario St, Collingwood, ON L9Y 5N7, Canada"
Aurora Sports Medicine Professionals Inc.,info@aurorasportsmed.ca,"35 Sunday Dr Suite 204, Aurora, ON L4G 4B7, Canada"
Bradford Sports Medicine Professionals Inc.,info@bradfordsportsmed.ca,"Box #1137, 160 Holland St W Unit 1, Bradford, ON L3Z 1H7, Canada"
Restore Sports Medicine Clinic,user@domain.com,"4350 Hastings St #108, Burnaby, BC V5C 2J9, Canada"
Centre For Sport & Recreation Medicine,605a7baede844d278b89dc95ae0a9123@sentry-next.wixpress.com,"777 Bay St., Toronto, ON M7A 1S5, Canada"